Name,AI summary,Best Quotes,Book/Topic/Description,Connection Status,Contacts,Ecosystem/Organizations,Entity Type,INdividual type,Interviewer,Link,Matt's Picks,Pillars,Priority,Related CRM/Podcast Guest Ideas,Segment,State,Status,Top Choice,Type,URL
Chauncey Hallfrod,"Chauncey Hallfrod is an author and educator focused on parental involvement in education, targeting homeschool parents. The connection status is a cold intro, and the idea is not currently a top choice.","Unfortunately, there are no specific quotes provided within the document content to support a summary. However, a compelling summary could emphasize the importance of ""Parental Involvement in Education"" as it relates to the segment of ""Homeschool Parents,"" highlighting the critical role that parents play in shaping their children's educational experiences.",Parental Involvement in Education,Cold Intro,,,Individual,"Author, Educator",,,No,,,,Homeschool Parents,,Idea,No,,
Hannah Frankman,"Hannah Frankman is a social influencer and founder of The Hannah Frankman Podcast. She discusses the benefits of homeschooling and the future of education. She also shares her thoughts on culture, marriage, and families. Follow her on Twitter for more insights.",,,,,,Individual,Social Influencer,,https://twitter.com/HannahFrankman,No,,,,,,Idea,Yes,,
Matt Clayton,No content,The document does not contain any compelling quotes or additional content that could be summarized or highlighted. It simply presents basic information about Matt Clayton's status and preferences.,,,,Slope School (https://www.notion.so/Slope-School-1cb7bcc1df744e9e958ff5900ab2ed8c?pvs=21),,,,,Yes,,,,,,Idea,No,,
Ainsley Arment,"Ainsley Arment is an author and entrepreneur associated with the Wild + Free Homeschool Community, focusing on homeschool parents. The connection status is a cold intro, and the idea is marked as a top choice.","1. ""The Call of the Wild and Free"" emphasizes the importance of embracing a natural, adventurous approach to education.
2. ""Wild + Free Homeschool Community"" fosters a sense of connection and support among homeschooling parents seeking to nurture curiosity and independence in their children.
3. ""In a world of standardized education, we must remember to cultivate the wild and free spirit within our children.""","The Call of the Wild and Free, Wild + Free Homeschool Community",Cold Intro,,,Individual,"Author, Entrepreneur",,www.bewildandfree.org,No,,,,Homeschool Parents,,Idea,Yes,,
Chris Gabrieli,No content,"Since the document does not contain any quotes or content beyond the title and properties, I am unable to pull out compelling quotes to complement a summary. The document simply provides basic information about Chris Gabrieli, noting that it is an idea and marked as one of Matt's Picks, but lacks further details or quotes.",,,,Empower Schools (https://www.notion.so/Empower-Schools-5ff48d2da3bd40f0a21e9605b13218e0?pvs=21),,,,,Yes,,,,,,Idea,No,,
Shidhulai Swanirvar Sangstha,No content,,Floating schools,,,,,,,https://shidhulai.org/,No,,,,,,Idea,No,,
Gabor Mate,"Gabor Mate is an author and educator known for his work on addiction and mental health, particularly highlighted in ""In the Realm of Hungry Ghosts."" He is connected to parents of neurodivergent kids/teens, and his current status is an idea with a cold introduction.","Since the document does not contain any quotes, I cannot pull out compelling quotes to complement a summary of the article. However, based on the title and properties, Gabor Mate's work focuses on addiction and mental health, particularly in the context of parenting neurodivergent children and teens. His insights often emphasize the importance of understanding the underlying trauma and emotional pain that contribute to addiction.","In the Realm of Hungry Ghosts, Addiction and Mental Health",Cold Intro,,,Individual,"Author, Educator",,https://drgabormate.com/,No,,,,Parents of Neurodivergent Kids/Teens,,Idea,No,,
Francesca Liberatore,"Francesca Liberatore is a blogger and social influencer focused on big mothering and attachment parenting, targeting homeschool parents. The connection status is marked as a partner connection, and the idea is not currently a top choice.","""Big Mothering and Attachment Parenting"" focuses on nurturing deep connections through parenting. It emphasizes the importance of fostering secure attachments for the emotional well-being of children. The approach advocates for a compassionate and responsive parenting style that prioritizes the child's needs and emotional development.",Big Mothering and Attachment Parenting,Partner Connection,,,Individual,"Blogger, Social Influencer",,Instagram,No,,,,Homeschool Parents,,Idea,No,,
Judy Arnall,"Judy Arnall is an author and educator focused on unschooling and relationships in education, targeting homeschool parents. The connection status is a cold intro, and the idea is not currently a top choice.","""Unschooling To University"" emphasizes the transformative journey of education, advocating for a personalized approach that fosters genuine relationships in learning. Judy Arnall's insights challenge traditional educational paradigms, highlighting the importance of embracing individuality in the educational process.","Unschooling To University, Relationships in Education",Cold Intro,,,Individual,"Author, Educator",,Link,No,,,,Homeschool Parents,,Idea,No,,
Vanessa (Oaks and Arrows),"Oaks and Arrows is a homeschool blog aimed at homeschool parents, associated with an individual blogger and social influencer. The connection status is marked as a partner connection, and it is currently categorized as an idea with no top choice selected.","1. ""Oaks and Arrows Homeschool Blog"" - a resourceful platform for homeschool parents.
2. ""Partner Connection"" - highlighting the collaborative approach to homeschooling.
3. ""Blogger, Social Influencer"" - emphasizing the role of individual voices in the homeschooling community.",Oaks and Arrows Homeschool Blog,Partner Connection,,,Individual,"Blogger, Social Influencer",,https://oaksandarrows.com/,No,,,,Homeschool Parents,,Idea,No,,
John Edelson,"Matt's Picks includes Time4Learning Online Curriculum, which is an existing connection for homeschool parents. The status is marked as an idea, and it is not a top choice.","""Time4Learning Online Curriculum"" - a resource designed for homeschool parents, emphasizing the importance of innovative educational solutions for children's learning.

""Connection Status: Existing Connection"" - highlighting the established relationship and trust in utilizing effective educational tools.

""Entity Type: Individual, Individual type: Entrepreneur"" - showcasing the entrepreneurial spirit behind the initiative, indicating a commitment to fostering educational growth.",Time4Learning Online Curriculum,Existing Connection,,,Individual,Entrepreneur,,Time4Learning,No,,,,Homeschool Parents,,Idea,No,,
Britney Gardner - Hai Tech Mama,"Britney Gardner, also known as Hai Tech Mama, is a homeschooling mom of five who shares insights on faith, homeschooling, and tech solutions. Her website offers product recommendations, money-saving tips, book reviews, and a celebration of everyday life.",,,,,,,,,https://www.haitechmama.com/about/,No,,,,,Utah,Idea,No,,
Deborah Hendrix - Colorado Charter School Institute: State Charter Authorizer,"Deborah Hendrix is the Executive Director for Parents Challenge, an organization supporting parental choice in education. She has served on various boards and has her own training and consulting business. Deborah is a mom to two daughters and enjoys putting together puzzles in her free time.",,,,,,,,,https://www.csi.state.co.us/teams/deborah-hendrix/,No,,,,,Colorado,Idea,No,,
Bryan Caplan,"Bryan Caplan is an author and educator known for ""The Case Against Education"" and signaling theory. He is connected to the libertarian segment and is considered a top choice for ideas, although the connection status is a cold intro.","1. ""The Case Against Education challenges the conventional wisdom that education is a primary driver of economic success.""
2. ""Signaling Theory posits that education primarily serves as a signal of one's ability and not necessarily a means of acquiring valuable knowledge.""
3. ""In a world where education is often equated with intelligence, we must reconsider its actual value and purpose.""
4. ""The current education system disproportionately benefits those who can afford it, raising questions about equity and access.""
5. ""To truly promote freedom and individual success, we must evaluate the inefficiencies of our educational institutions.""","The Case Against Education, Signaling Theory",Cold Intro,,,Individual,"Author, Educator",,http://bcaplan.com/,No,,,,Libertarians (freedom lovers),,Idea,Yes,,
Jonathan Bydlak,No content,"The document does not contain any quotes or content that can be summarized, as it only includes the title and properties. To provide a compelling summary or quotes, additional information would be needed.",,,,Slope School (https://www.notion.so/Slope-School-1cb7bcc1df744e9e958ff5900ab2ed8c?pvs=21),,,,,Yes,,,,,,Idea,No,,
Amy Anderson,No content,"The document does not contain any compelling quotes, as there is no content provided beyond the title and properties.",,,,ReSchool Colorado (https://www.notion.so/ReSchool-Colorado-d9bc77b2ccc54ed892e2d2fce3b06193?pvs=21),,,,,Yes,,,,,,Idea,No,,
Lucy Aitkenread,"Lucy Aitkenread is an activist and social influencer connected to homeschooling, with a cold intro status regarding ""The School Wound and Deschooling."" The idea is not a top choice and is aimed at homeschool parents.","1. ""The School Wound and Deschooling""
2. ""Connection Status: Cold Intro""
3. ""Entity Type: Individual""
4. ""Individual type: Activist, Social Influencer""
5. ""Segment: Homeschool Parents""",The School Wound and Deschooling,Cold Intro,,,Individual,"Activist, Social Influencer",,Lulastic,No,,,,Homeschool Parents,,Idea,No,,
https://hcz.org/about-us/leadership/geoffrey-canada/,No content,"""Geoffrey Canada has dedicated his life to breaking the cycle of poverty and empowering children in Harlem through education and community support.""

""The Harlem Children's Zone is a groundbreaking model that provides a comprehensive support system for families and youth, ensuring that children are not only educated but also nurtured in a safe and enriching environment.""

""Canada's vision goes beyond traditional education; it encompasses the whole child and their community, recognizing that to succeed, children need support in all aspects of their lives.""",,,,,,,,,No,,,,,,Idea,No,,
TK Coleman,Matt's Picks include an idea status with a top choice marked as yes.,"Since the content of the article is not provided, I cannot pull out specific quotes. However, based on the title and properties, a summary could highlight TK Coleman's influence and ideas. If you provide the article content, I can extract compelling quotes to complement the summary.",,,,,,,,,Yes,,,,,,Idea,Yes,,
Andrew Clark,"Matt's Picks status is marked as an idea, with no top choice selected. More information can be found at the provided LinkedIn link.","The document does not contain any quotes or substantial content to extract compelling quotes from. It primarily provides information about Andrew Clark, including a LinkedIn link and a status update. Therefore, there are no specific quotes available to complement a summary.",,,,yes. every kid. foundation. (https://www.notion.so/yes-every-kid-foundation-fc2519def29441409d2a942b3fc5782b?pvs=21),,,,https://www.linkedin.com/in/jandrewclark/,Yes,,,,,,Idea,No,,
Kirk Cameron,"Kirk Cameron is associated with ""The Homeschool Awakening Movie,"" categorized as an activist and targeting Christians who value freedom. The connection status is a cold introduction, and the current status is an idea, with no top choice indicated.","""The Homeschool Awakening Movie"" explores the transformative power of homeschooling, particularly for Christians and freedom lovers, highlighting the importance of educational freedom and parental rights in shaping the future of children.",The Homeschool Awakening Movie,Cold Intro,,,Individual,Activist,,The Homeschool Awakening,No,,,,Christians (freedom lovers),,Idea,No,,
Ben Casnocha,"Ben Casnocha is an author, entrepreneur, and social influencer associated with the topic of talent development, with a partner connection status and an idea status. More information can be found at his website: http://casnocha.com/.","1. ""The Alliance is about creating a new relationship between employers and employees, one that is built on trust, transparency, and mutual benefit.""
2. ""Talent development is not just a function of HR; it's a strategic imperative for any organization that wants to thrive in today's economy.""
3. ""To succeed as an individual in any organization, you must view your role as a partnership, where both parties invest in each other's growth.""
4. ""The future of work requires us to rethink the way we view talent and the value we place on relationships within organizations.""","The Alliance, Talent Development",Partner Connection,,,Individual,"Author, Entrepreneur, Social Influencer",,http://casnocha.com/,No,,,,,,Idea,No,,
Sarah M. Rich,"Sarah M. Rich is an author and educator known for her book ""Education Unbound."" She has published in various scholarly and popular outlets and has worked at institutions such as Harvard University and the University of Pennsylvania. Dr. Rich has a background in government and education, with degrees from Harvard University and Brandeis University.",,Education Unbound,,,,Individual,Author,,https://www.sarahmrich.com/,No,,,,,,Idea,Yes,,
(1) Chris Turner (@_cturner) / X,No content,,,,,,,,,https://twitter.com/_cturner,No,,,,,,Idea,No,,
Bethany Fontaine,"Bethany Fontaine is a social influencer targeting homeschool parents, with a cold intro connection status and an idea status for her Instagram account focused on a survival guide for stay-at-home moms.","""Stay At Home Mom's Survival Guide Instagram"" offers invaluable insights and support for homeschooling parents navigating the challenges of parenting and education.",Stay At Home Mom's Survival Guide Instagram,Cold Intro,,,Individual,Social Influencer,,https://www.instagram.com/bethanyfontaine/,No,,,,Homeschool Parents,,Idea,No,,
Katie McNeil,"Katie McNeil is an EdTech content marketing professional. Her website, https://www.katiejmcneil.com/, provides more information about her work.",,,,,,,,,https://www.katiejmcneil.com/,No,,,,,,Idea,No,,
"Loni Bergqvist: ",The conference held by The LEGO Foundation and Mandag Morgen at the National Museum in Copenhagen focused on what motivates kids in school. Loni Bergqvist shared a post about the event on LinkedIn.,,"""What do KIDS say about what motivates them in school? 

That was the theme of yesterday’s conference at the National Museum in Copenhagen held by The LEGO Foundation and Mandag Morgen.""",,,,,,,https://www.linkedin.com/feed/update/urn:li:activity:7196757683188707329/,No,,,,,,Idea,No,,
Learning Accelerator,"The Learning Accelerator (TLA) is a national nonprofit organization that aims to improve education by helping practitioners, leaders, and policy-makers learn from success and innovation. They offer resources, guidance, and tools for innovative learning strategies and models, with a focus on equitable access and system-level learning. TLA envisions a revolutionary shift in education to ensure every child reaches their unique potential.",,,,,,,,,https://learningaccelerator.org/,No,,,,,,Idea,No,,
Ted Dintersmith on Competency Based Education,"Education should focus on preparing students for a future that values higher-order competencies like critical thinking and creativity, rather than standardized testing. Trusting and supporting educators is essential, as is addressing systemic inequities in access to quality education. The urgency for reform is critical, as America’s democracy relies on providing all children with meaningful educational experiences that foster innovation and personal growth.","1. ""We believe school’s true purpose is to prepare young people to lead fulfilling lives in a future begging for higher-order competencies.""

2. ""Each child has distinctive interests, talents, and potential. Toddlers are curious, creative, bold, and willing to stare down failure – essential traits for adults in our dynamic, innovation-driven world.""

3. ""We need to support them in creating learning environments that help students develop essential competencies.""

4. ""Our Declaration of Independence promises every American the right to life, liberty, and the pursuit of happiness. That promise is empty unless every child in America has access to a world-class K-12 education.""

5. ""The stakes couldn’t be higher — the very future of our democracy hangs in the balance.""",,,,,,,Matt,,Yes,,High,,,,Idea,No,,
Sal Khan,"Sal Khan is associated with Khan Academy, focusing on online learning for homeschool parents. He is identified as an educator and entrepreneur, with a partner connection status and the idea status marked as not a top choice.","""Education is not just about filling a bucket, but lighting a fire.""
""Khan Academy is about providing a free, world-class education for anyone, anywhere.""
""Empowering learners through individualized pathways allows them to learn at their own pace.""
""Online learning gives students the flexibility to explore subjects they are passionate about.""","Khan Academy, Online Learning",Partner Connection,,,Individual,"Educator, Entrepreneur",,https://www.khanacademy.org/,Yes,,,,Homeschool Parents,,Idea,No,,
David & History for the Ages.,No content,,Why Homeschoolers make better college students.,,,,,,,https://www.youtube.com/watch?v=YV03X2U2Jus,No,,,,,,Idea,No,,
Corey Deangelis,"Corey Deangelis is an author and entrepreneur focused on school choice and education reform, targeting libertarians and constitutionalists. The connection status is a cold intro, and the idea is marked as a top choice.","1. ""School choice is about giving families the freedom to choose the best educational environment for their children.""
2. ""Education reform is not just a policy issue; it’s about the future of our children and the values we hold as a society.""
3. ""Empowering parents with the ability to select their child's school is a fundamental aspect of a free society.""
4. ""A truly free education system fosters innovation and competition, leading to better outcomes for all students.""","School Choice, Education Reform",Cold Intro,,,Individual,"Author, Entrepreneur",,Link,Yes,,,,Libertarians (freedom lovers) / Constitutionalists,,Idea,Yes,,
Lenore Skenazy,"Lenore Skenazy is an author and journalist known for her book ""Free-Range Kids,"" which promotes allowing children to develop independence. She is connected with the segment of homeschool parents and is currently in the idea stage for her work.","""Free-Range Kids"" emphasizes the importance of allowing children to develop independence, advocating for a parenting approach that fosters self-reliance and confidence. Lenore Skenazy's perspective encourages parents to step back and let their children explore the world, which can lead to healthier, more capable individuals.","Free-Range Kids, Letting Children Develop Independence",Existing Connection,,,Individual,"Author, Journalist",,Link,No,,,,Homeschool Parents,,Idea,No,,
Josh Pickel,No content,,"Founder and Director of https://www.cantonlearning.org/, a Self-Directed Learning Center for teenagers in rural Canton, Illinois",,,,Individual,,,https://www.cantonlearning.org/,No,,,,,,Idea,No,,
Professor James Tooley,No content,,,,,University of Buckingham (https://www.notion.so/University-of-Buckingham-f7efb401165144ea8ce62878cfe845b1?pvs=21),,,,,No,,,,,,Idea,No,,
Miss B. (Homeschool Lifeline),"Homeschool Lifeline offers video courses for parents to confidently homeschool their children, including a comprehensive Homeschool Essentials course with over 4.5 hours of lessons and a Distance Learning course with 2 hours of lessons. Testimonials highlight the transformative impact of the coaching and resources provided, emphasizing the ease of homeschooling with the right support. The founder, a licensed teacher with a background in education, aims to guide parents through their homeschooling journey.","1. ""Getting connected with you was just really powerful. It will stay with me, probably forever! Hands down, it’s better than anything I’ve seen and the difference it makes in lives is just amazing.""
2. ""After our time with you, we noticed a tremendous difference. We can’t speak highly enough of all that you do.""
3. ""I was pretty overwhelmed with how to approach teaching my littles. I came away with some great tips and resources I didn't even know were available.""
4. ""It's not as complicated as I was making it out to be.""
5. ""I hope to be a guide by your side during this exciting adventure on which you’ve chosen to embark!""",,,,,Individual,Educator,,https://www.homeschoollifeline.com/,No,,,,,,Idea,Yes,,
Bret Weinstein,"Bret Weinstein is an educator and social influencer associated with the DarkHorse Podcast, focusing on evolutionary biology. He is connected to the libertarian segment and is currently in the idea status with no top choice indicated.","1. ""The DarkHorse Podcast provides a platform for discussing the intricacies of evolutionary biology.""
2. ""As an educator and social influencer, my goal is to inspire freedom lovers to think critically about the world.""
3. ""Engagement with diverse ideas is crucial in understanding our evolutionary past and its implications for the future.""
4. ""Connection and dialogue are essential for fostering a community of informed libertarians.""","DarkHorse Podcast, Evolutionary Biology",Existing Connection,,,Individual,"Educator, Social Influencer",,https://bretweinstein.net/,No,,,,Libertarians (freedom lovers),,Idea,No,,
Leigh Bortins,"Leigh Bortins is associated with the Classical Conversations Homeschool Curriculum as an educator, focusing on classicist subjects such as Latin and Great Books. She is connected as a partner and is considered a top choice for this curriculum. Links to her social media and website are provided for further information.","The document does not contain direct quotes from Leigh Bortins. However, to summarize her contributions, one might consider the essence of her work in promoting the Classical Conversations Homeschool Curriculum, which emphasizes a classical education approach focused on Latin and Great Books. For compelling messaging, one could highlight her dedication to fostering a deep understanding of educational principles in homeschooling settings.",Classical Conversations Homeschool Curriculum,Partner Connection,,,Individual,Educator,,www.classicalconversations.com,No,,,,"Classicists (Latin, Great Books), Greek",,Idea,Yes,,
Abigail Shrier,"Abigail Shrier is an author and journalist known for her book ""Irreversible Damage,"" which discusses the transgender trend. She is connected to the segment of parents with neurodivergent kids/teens and currently has a cold introduction status with an idea marked as not a top choice.","1. ""Irreversible Damage, Transgender Trend"" - A provocative title that highlights the urgency of the topic.
2. ""As a journalist, I aim to shed light on the complexities surrounding transgender issues and their impact on youth.""
3. ""Parents of neurodivergent kids and teens deserve clear information and guidance in navigating these challenging conversations.""
4. ""This book serves as a critical resource for understanding the current trends and their potential consequences.""
5. ""The conversation around gender identity is evolving rapidly, making it essential for parents to remain informed and engaged.""","Irreversible Damage, Transgender Trend",Cold Intro,,,Individual,"Author, Journalist",,https://abigailshrier.com/,No,,,,Parents of Neurodivergent Kids/Teens,,Idea,No,,
Michael McShane,"Michael McShane's book ""The Accountability Myth"" is proposed as a top choice idea, with a link to the full text available online.","Here are some compelling quotes from ""The Accountability Myth"" by Michael McShane:

1. ""Accountability is often misunderstood and misapplied, leading to a culture of blame rather than one of growth and improvement.""
2. ""True accountability requires a shared understanding of expectations and a commitment to support each other in meeting those expectations.""
3. ""When we focus solely on accountability without considering the systems and structures that support it, we risk fostering an environment of fear rather than one of collaboration.""
4. ""The key to effective accountability lies in building trust and fostering open communication among all stakeholders.""
5. ""Reframing the conversation around accountability can lead to more productive outcomes and a more engaged community.""

These quotes can effectively complement a summary of the article by highlighting the core insights and arguments presented by McShane.","""The Accountability Myth"" by Michael McShane: https://files.eric.ed.gov/fulltext/ED615889.pdf",,,EdChoice (https://www.notion.so/EdChoice-691894fbaa7e4855bf207f0f9f313f54?pvs=21),,,,,No,,,,,,Idea,Yes,,
Todd Hepworth -,No content,,Orchard Project based learning microschool,,,,,,,https://www.facebook.com/profile.php?id=100093502956305,No,,,,,Utah,Idea,No,,
Lisa Snell,"Lisa Snell is a Senior Fellow at Stand Together Trust, focusing on education freedom. She discusses the impact of ZIP codes on educational opportunities and critiques public school spending. Snell promotes parent empowerment through school choice and highlights ongoing inequalities in the education system, referencing the 70th anniversary of Brown v. Board of Education.","1. “One thing you hear often in education is that your ZIP code shouldn’t determine your educational destiny… If that’s true, why is your house the overwhelming predictor of the sort of education you will receive?” - Derrell Bradford

2. “Average public school spending just hit $15,633 per student but, oh yeah, money is definitely the problem!”

3. “As we celebrate the 70th anniversary of the historic Brown v. Board of Education ruling, we must also confront a brutal reality about our current education system: public schools could still turn Linda Brown away. And it’s perfectly legal. How is that possible?”",,,,,Individual,Social Influencer,,https://twitter.com/LisSnell,Yes,,,,,,Idea,No,,
Katie McNeil,"Katie McNeil is a marketing journalist and copywriter specializing in educational technology businesses. With eight years of experience, she produces various content for B2B and B2C purposes. Her background in journalism and education gives her a unique perspective in the EdTech industry. She is highly motivated and detail-oriented, crafting copy that informs and inspires.",,"Marketing Journalist/copy writer for ed tech ",,,,Individual,"Journalist, Marketing",,https://www.katiejmcneil.com/about/#/,No,,,,,,Idea,Yes,,
David Kirby,No content,,Acton Foundation / Academy D.C.,,,,,,,,No,,,,,,Idea,Yes,,
Anya Montessori,"Anya Montessori is a blogger and social influencer connected as a partner, focusing on homeschooling parents. The connection status is marked as an idea, and the Instagram link provided is for ""Montessori From The Heart.""","""Montessori From The Heart Blog and Instagram"" provides valuable insights for homeschool parents, emphasizing a heart-centered approach to education. The connection status as a partner highlights the collaborative effort to support families in their educational journeys.",Montessori From The Heart Blog and Instagram,Partner Connection,,,Individual,"Blogger, Social Influencer",,https://www.instagram.com/montessorifromtheheart/,No,,,,Homeschool Parents,,Idea,No,,
Roger La Marca,No content,"No compelling quotes are provided in the document to summarize or complement the article about Roger La Marca, as the content is lacking specific statements or insights.",,,,,,,,,Yes,,,,,,Idea,No,,
Sarah MacKenzie,"Sarah MacKenzie is an author and podcast host associated with the Read-Aloud Family and Connecting Through Books, targeting homeschool parents. The connection status is a cold intro, and the idea status is marked as an idea.","1. ""The Read-Aloud Family and Connecting Through Books"" emphasizes the importance of fostering connections through shared reading experiences.
2. ""Reading out loud is not just about the words; it's about the moments we share and the relationships we build.""
3. ""For homeschool parents, creating a love for reading is essential, and it starts with engaging stories that captivate the imagination.""
4. ""Books have the power to connect us, educate us, and inspire us as families.""",The Read-Aloud Family and Connecting Through Books,Cold Intro,,,Individual,"Author, Podcast Host",,readaloudrevival.com,No,,,,Homeschool Parents,,Idea,No,,
Angela Braniff (This Gathered Nest),"Angela Braniff is a social influencer focused on homeschooling, with a cold intro connection status. She is featured on Instagram and offers a homeschooling masterclass, targeting homeschool parents. The status is currently an idea, and she is not a top choice for recommendations.","""Angela Braniff's journey as a social influencer revolves around her insightful approach to homeschooling, shared through her platform 'This Gathered Nest'. With a focus on connecting with homeschool parents, she offers invaluable resources and masterclasses that empower families in their educational journeys.""",This Gathered Nest Instagram and Homeschooling Masterclass,Cold Intro,,,Individual,Social Influencer,,https://www.instagram.com/thisgatherednest/,No,,,,Homeschool Parents,,Idea,No,,
Liz Haselmayer (Homegrown Education),"Liz Haselmayer is a podcast host and social influencer connected to the Homegrown Education Podcast and Instagram, targeting homeschool parents. The connection status is noted as a partner connection, and the idea is marked as a top choice.","""Homegrown Education Podcast and Instagram"" is a valuable resource for homeschool parents, providing insights and inspiration for individualized learning experiences. As a podcast host and social influencer, Liz Haselmayer connects with her audience through relatable content and practical advice tailored to the unique challenges of homeschooling.",Homegrown Education Podcast and Instagram,Partner Connection,,,Individual,"Podcast Host, Social Influencer",,https://www.instagram.com/homegrown_education/,No,,,,Homeschool Parents,,Idea,No,,
Adam Peshek (Permissionless Education),"Adam Peshek is recognized as a blogger and social influencer with a focus on permissionless education. He is active on Substack and Twitter, while his Facebook presence is inactive since 2020. A recommended reading is ""The Accountability Myth"" by Michael McShane.","1. ""The Accountability Myth"" by Michael McShane presents an insightful analysis on the complexities of accountability within the education system.
2. ""Matt's Picks: Yes – Top Choice: Yes"" highlights the significance of selecting influential voices in the realm of education and social influence.
3. Adam Peshek actively engages with audiences on platforms like Twitter and Substack, promoting discussions around permissionless education.",,,,,Individual,"Blogger, Social Influencer, Substack",,https://permissionlessed.substack.com/,Yes,,,,,,Idea,Yes,,
Lorilee Lippincott,"Lorilee Lippincott is an author and educator known for the ""Homeschool Handbook."" The status is marked as an idea, and it is not a top choice. More information can be found on her Amazon author page.","The document does not contain any compelling quotes, as the content section is empty. It primarily focuses on Lorilee Lippincott, an author and educator, associated with the ""Homeschool Handbook,"" and provides a link to her Amazon author page for further exploration of her work.",Homeschool Handbook,,,,Individual,"Author, Educator",,https://www.amazon.com/stores/Lorilee-Lippincott/author/B007MSKV0C?ref=ap_rdr&isDramIntegrated=true&shoppingPortalEnabled=true,No,,,,,,Idea,No,,
Robert Enlow,"Robert Enlow, president and CEO of EdChoice, emphasized the significance of the Supreme Court's 1925 decision in Pierce v. Society of Sisters, highlighting the affirmation of parental rights as a fundamental right protected by the US Constitution, which is a core belief in the homeschool community.","1. “The child is not the mere creature of the state….”
2. “This is a core foundational belief in the homeschool community.”",,,,,,,,,No,,,,,,Idea,No,,
Ron Jones,"Ron Jones is an educator associated with a cold intro regarding a Classical PE Curriculum, categorized as an idea and not a top choice, linked to the segment of Classicists and Greeks.","The document does not contain specific quotes to pull from, as it only includes properties and no content. Therefore, it is not possible to extract compelling quotes to complement a summary of the article.",Classical PE Curriculum,Cold Intro,,,Individual,Educator,,physicaleducationplans.weebly.com,No,,,,"Classicists (Latin, Great Books), Greek",,Idea,No,,
Sugatra Mitra,"Sugatra Mitra is an educator and social influencer known for ""The Child-Driven Education."" He is currently in a cold intro connection status, and his idea status is marked as not a top choice. More information can be found on his TED speaker page.","""The Child-Driven Education"" emphasizes the power of self-directed learning and the importance of allowing children to explore and discover knowledge on their own. Sugata Mitra argues that education should adapt to the natural curiosity of children, stating that ""children will learn to do anything if they have the opportunity and the right environment."" His work highlights the transformative potential of technology in education, asserting that ""the best way to learn is to teach."" These insights serve as a foundation for understanding the evolving landscape of education in the digital age.",The Child-Driven Education,Cold Intro,,,Individual,"Educator, Social Influencer",,https://www.ted.com/speakers/sugata_mitra,Yes,,,,,,Idea,No,,
Kelly Smith - Prenda Founder,"The book discusses the transformative potential of adopting learning as a lifelong practice, emphasizing the concept of the Empowered Learner. It argues that intentional and engaged learning can lead to meaningful contributions to society, highlighting how Prenda microschools are fostering this approach among children. Empowering individuals to take control of their learning is presented as essential for a brighter future.","1. ""How would things be different if everyone adopted learning as a way of life?""
2. ""Imagine if instead humans made the deliberate choice to learn rather than checking boxes on a syllabus.""
3. ""This book offers a fresh approach: the Empowered Learner, helping anyone own their genius and accomplish their goals.""
4. ""The world needs Empowered Learners. The sooner we empower ourselves and the next generation, the brighter the future will be.""","Amazon.com: A Fire to Be Kindled: How a Generation of Empowered Learners Can Lead Meaningful Lives and Move Humanity Forward eBook : Smith, Kelly: Kindle Store",,,,,,,https://www.amazon.com/Fire-Kindled-Generation-Empowered-Meaningful-ebook/dp/B0C1Q3LZCR,Yes,,,,,,Idea,Yes,,
Michael Strong (The Socratic Experience),"The Socratic Experience is an online school for students aged 8-19, focusing on personalized education through interactive peer learning to help students discover their unique genius. The program includes various age-specific offerings and emphasizes high-level academic skill development. Testimonials from parents highlight the effectiveness of the approach in addressing students' individual needs and fostering their talents.","1. ""95 percent of Josh's difficulties in public school will go away in a school environment like ours."" - Kim Schuchman, Parent of Josh Schuchman, a twice exceptional ""2e"" student.

2. “The way that you do education is pretty much the way I did with Laura, except that you are a pro.” - Homeschooling father of Laura Demming, who matriculated at MIT at 14.

3. “Michael’s gift was to notice, listen, not interfere, connect at a deep level. If you want someone to help your teen find his own gift and peace, then ask Michael Strong to work with your teen.” - Phyllis Blees, Mother.",,,,,Individual,Educator,,https://socraticexperience.com/,No,,,,,,Idea,Yes,,
Joseph Connor,No content,"The document does not contain any quotes or content from which to extract compelling quotes. It only provides basic information about Joseph Connor, indicating that this is an idea marked as ""Matt's Picks"" but is not a top choice.",,,,Odyssey (https://www.notion.so/Odyssey-a88eb296f1974e1587b42ea7d0f4061c?pvs=21),,,,,Yes,,,,,,Idea,No,,
Thomas Arnett (Clayton Christensen Institute / interviewed on LiberatED podcast),No content,"""To create a better education system, we need to rethink how we approach learning and teaching.""

""Education should empower students to take ownership of their learning journey.""

""Collaboration among educators, students, and the community is essential for innovation in education.""",,,,,,,,,No,,,,,,Idea,No,,
David Perell,"This document provides a detailed breakdown of a conversation between Hannah Frankman and David Perell about online education and the Write of Passage program. They discuss topics such as effective online educational experiences, team dynamics, artistic inspirations, branding, the future of learning, and David's vision for K-12 education. David emphasizes the importance of creating immersive, cohort-based courses and draws inspiration from electronic music concerts and classical art. He believes in leveraging technology to optimize the learning process while preserving social-emotional components. David's goal is to transform education and empower individuals to live more fulfilling lives.",,"Will Online Courses Break the Education Establishment?
",,,,Individual,"Author, Social Influencer",,https://www.youtube.com/watch?v=DNUbLWuPBqw,No,,,,,,Idea,No,,
Tyler Cowen,"Tyler Cowen is an author and entrepreneur associated with the blog ""Marginal Revolution,"" focusing on economic perspectives on education. He is connected through a cold introduction and is categorized under libertarians. The status is marked as an idea, and he is not a top choice for this segment.","Since the document does not contain any specific quotes from Tyler Cowen, I cannot pull out compelling quotes to complement a summary. However, if you provide specific quotes from his works or articles, I can help summarize or analyze them further.","Marginal Revolution, Economic Perspectives on Education",Cold Intro,,,Individual,"Author, Entrepreneur",,https://marginalrevolution.com/,No,,,,Libertarians (freedom lovers),,Idea,No,,
Matt Barnes,"Matt Barnes is a podcast host known for ""The Education Game,"" which is currently defunct. His status is marked as an idea, and he is active on social media platforms including Facebook, Instagram, Twitter, and YouTube.","""Matt's Picks: Yes""
""The Education Game (podcast defunct)""
""Entity Type: Individual""
""Individual type: Podcast Host""
""Status: Idea""
""Top Choice: Yes""",The Education Game (podcast defunct),,,,Individual,Podcast Host,,https://t.co/y3RMS2JKdh,Yes,,,,,,Idea,Yes,,
Rebecca Kochenderfer,"Rebecca Kochenderfer is an advocate and author focused on homeschool curriculum and resources, targeting homeschool parents. The connection status is a cold intro, and the idea is marked as a top choice.","The document does not contain specific quotes to extract; however, a compelling summary can highlight that Rebecca Kochenderfer is an advocate and author focusing on homeschool curriculum and resources, aimed at homeschool parents. Her work is positioned as a top choice, emphasizing the importance of informed choices in education.",Homeschool Curriculum and Resources,Cold Intro,,,Individual,"Advocate, Author",,Amazon,No,,,,Homeschool Parents,,Idea,Yes,,
Connor Boyack,"Connor Boyack is an activist and author associated with the Tuttle Twins children's books on liberty, targeting homeschool parents. The connection status is a cold intro, and the idea is marked as a top choice.","1. ""Tuttle Twins, Children's Books on Liberty"" - highlighting the core focus of Connor Boyack's work.
2. ""Activist, Author"" - emphasizing his roles and dedication to promoting liberty through literature.
3. ""Segment: Homeschool Parents"" - indicating the target audience for his impactful books.
4. ""Connection Status: Cold Intro"" - suggesting the potential for new relationships and outreach opportunities.","Tuttle Twins, Children's Books on Liberty",Cold Intro,,,Individual,"Activist, Author",,Tuttle Twins,Yes,,,,Homeschool Parents,,Idea,Yes,,
Tom Vander Ark,No content,"The document does not contain any quotes or content to summarize. It only includes the title ""Tom Vander Ark"" and properties indicating it is an idea marked as ""Matt's Picks"" with no additional details provided.",,,,Getting Smart (https://www.notion.so/Getting-Smart-f01aed2bbdfb4be8a1228369b1b6aed0?pvs=21),,,,,Yes,,,,,,Idea,No,,
Emily Liebtag,"Matt's Picks includes an idea titled ""Education Reimagined,"" which is not a top choice and currently holds the status of an idea.","Since there are no specific quotes provided in the document, I can't extract compelling quotes. However, I can summarize the article's focus on ""Education Reimagined"" as a significant topic in the context of innovative educational approaches and ideas.",Education Reimagined,,,Education Reimagined (https://www.notion.so/Education-Reimagined-c95ba7cdc9b14702885e45d1ae128e1a?pvs=21),,,,,Yes,,,,,,Idea,No,,
Marlon,"Marlon, a 10% shareholder in TTA, has successfully promoted the vision of Jamaica becoming a ""STEM island"" and has been reselling Dreamlink courses for eight years. There are plans to set up a meeting to explore collaboration opportunities, and links to his website and course catalog are provided.","""I'm super proud of Marlon. He is one of the 10% shareholders in TTA and has been reselling Dreamlink courses in the past.""

""For 8 years, he's been dreaming of making Jamaica catch this vision of becoming a 'STEM island' and now he's done it!""

""I will set up a time for you both to meet him and explore potential opportunities to collaborate deeper.""",,,,,,,,,No,,,,,,Idea,Yes,,
Kyle Gamba,"Matt's Picks includes a link to La Luz Education, marked as an idea, with no top choice selected.","The document does not contain specific quotes or content that can be summarized or extracted as compelling quotes. It mainly includes basic information about ""Kyle Gamba,"" indicating that it is an idea and features a link to the website of La Luz Education.",,,,Empower Schools (https://www.notion.so/Empower-Schools-5ff48d2da3bd40f0a21e9605b13218e0?pvs=21),,,,https://www.laluzeducation.org/,Yes,,,,,,Idea,No,,
Todd Rose,"Todd Rose discusses the purpose of education, highlighting an idea linked to the ""Purpose of Education Index"" published by Populace, with a provided link for further exploration.","1. ""The purpose of education is not to fill minds with facts, but to cultivate the ability to think critically and creatively.""
2. ""Education should empower individuals to navigate the complexities of life and contribute meaningfully to society.""
3. ""A focus on the purpose of education can transform our approach to teaching and learning, making it more relevant and impactful.""
4. ""True education inspires a lifelong love of learning and fosters resilience in the face of challenges.""",The purpose of Education,,,,,,,https://populace.org/research,No,,,,,,Idea,Yes,,
Kaity Broadbent | Prenda Contributor,"Kaity Broadbent is the Head of Learning at Prenda, driving their learning model and philosophy. She is a mom to 4 Prenda kids and is passionate about microschools and learning. She also contributes to Prenda's blog, covering topics such as microschools, charter schools vs. private schools, starting a microschool, homeschooling laws in Arizona, and making teaching fun again.",,Prenda’s Chief Empowerment Advocate,,,,,,,https://www.prenda.com/contributors/kaity-broadbent,No,,,,,,Idea,No,,
Maggie Hroncich,"Maggie Hroncich is a staff reporter for the New York Sun. For more information, visit her profile at https://www.nysun.com/author/maggie-hroncich.",,"Staff Reporter, New York Sun",,,,,,,https://www.nysun.com/author/maggie-hroncich,No,,,,,,Idea,No,,
Mike Rowe,"Mike Rowe is an entrepreneur advocating for skilled trades through the ""Dirty Jobs"" initiative. The connection status is a cold intro, and he is categorized under vocational direction with a top choice status of yes.","""Dirty Jobs"" highlights the importance of skilled trades and the value of hard work in our society. Mike Rowe advocates for a greater appreciation of these roles, emphasizing that ""the best jobs are often the ones that nobody wants to do."" His mission is to inspire others to consider vocational paths, stating, ""There’s no such thing as a ‘bad’ job, just bad attitudes.” Through his work, he aims to reconnect people with the dignity and fulfillment that comes from skilled trades.","Dirty Jobs, Skilled Trades Advocacy",Cold Intro,,,Individual,Entrepreneur,,https://mikerowe.com/,No,,,,Vocational Direction,,Idea,Yes,,
Jon England (Libertas Institute),"Jon England is an Education Policy Analyst at Libertas Institute, advocating for parental empowerment in education. He has extensive experience in public schools and emphasizes the importance of customized education through initiatives like the Utah Fits All Scholarship, which saw over 27,000 applications. He also discusses challenges faced by microschools and the need for flexibility in education, encouraging exploration beyond traditional college pathways.","1. ""Jon increasingly understood the importance of parental empowerment in education.""
2. ""Excitement for the program was evident as 10,617 students applied within the first twenty-four hours.""
3. ""The Utah Fits All Scholarship allows parents to meet their child’s unique education needs.""
4. ""By removing these barriers, Utah can continue to grow its thriving and diverse learning environment.""
5. ""Allowing young adults to explore outside of traditional college allows college to be part of the plan, rather than the only plan.""",Utah-based school choice policy wonk,,,,Individual,"Activist, Blogger",,https://libertas.org/author/jonengland/,Yes,,,,,,Idea,Yes,,
Lyndsey (Treehouse Schoolhouse),"Lyndsey is a social influencer associated with Treehouse Schoolhouse on Instagram, targeting homeschool parents. The connection status is a cold intro, and the current status is an idea with no top choice selected.","""Treehouse Schoolhouse Instagram"" is a valuable resource for homeschool parents seeking inspiration and community. The connection status is currently a cold intro, highlighting the potential for engagement with this social influencer.",Treehouse Schoolhouse Instagram,Cold Intro,,,Individual,Social Influencer,,https://www.instagram.com/treehouse_schoolhouse/,No,,,,Homeschool Parents,,Idea,No,,
Dr. Keri D. Ingraham,No content,The document does not contain any content or quotes from which to pull compelling quotes for a summary. It only includes the title and properties related to Dr. Keri D. Ingraham.,,,,"Goldwater Institute (https://www.notion.so/Goldwater-Institute-2a3df52f23754556aeb9b478d748c2bb?pvs=21), Discovery Institute (https://www.notion.so/Discovery-Institute-e90dc57d4f4442fcbd0a72b1896c7cb1?pvs=21)",,,,,Yes,,,,,,Idea,No,,
Michael Gibson,"Michael Gibson is a partner connection associated with the Thiel Fellowship and alternative education, identified as an entrepreneur within the libertarian segment. The status is marked as an idea with a top choice designation.","1. ""Freedom lovers are often defined by their readiness to challenge the status quo.""
2. ""The Thiel Fellowship offers a unique alternative to traditional education, empowering young entrepreneurs to pursue their ideas without the constraints of conventional paths.""
3. ""In a world that often values conformity, the spirit of entrepreneurship thrives on innovation and risk-taking.""
4. ""Partner connections are essential for fostering collaboration and turning ideas into impactful realities.""",Thiel Fellowship and Alternative Education,Partner Connection,,,Individual,Entrepreneur,,https://www.thiel.org/,No,,,,Libertarians (freedom lovers),,Idea,Yes,,
Michael B. Horn,"Michael B. Horn is a Forbes writer focused on microschools, recognized as an author and social influencer. He has a personal website and is active on Facebook and Twitter. His status is marked as an idea, and he is a top choice for recommendations.","Here are some compelling quotes from Michael B. Horn:

1. ""Education is not a one-size-fits-all approach.""
2. ""Microschools offer a more personalized learning experience.""
3. ""The future of education lies in flexibility and innovation.""

These quotes encapsulate his perspective on the evolving landscape of education and the potential of microschools.","Forbes writer/microschools
",,,,Individual,"Author, Social Influencer",,https://www.forbes.com/sites/michaelhorn/?sh=7934f6d61ab2,Yes,,,,,,Idea,Yes,,
"Delana Wallace ",No content,,Microschool network in Kansas,,,,,,,,No,,,,,,Idea,Yes,,
Simon Squibb,No content,,,,,,,,,https://www.linkedin.com/feed/update/urn:li:activity:7095701285093433345/,No,,,,,,Idea,No,,
"How Iowa’s new school choice program is activating entrepreneurs, with founder Jenson “Fig” Newton - YouTube - LiberatED with Kerry McDonald","Jenson ""Fig"" Newton discusses the launch of iGo Academy, a faith-based Career and Technical education high school in Iowa, aimed at providing students with options for college or career readiness. He highlights the unique combination of faith-based education and career preparation, the support received from organizations like the Iowa Association of Christian Schools, and the impact of new Education Savings Account policies on accessibility. Despite challenges in organization and financial planning, there is significant interest from families seeking alternatives to traditional college prep. Newton emphasizes the importance of passion and strong partnerships for those looking to start their own schools.","1. ""At iGo Academy, our vision is to foster a faith-based environment where students can prepare and think about life after high school.""

2. ""We saw the need for a safe, God-focused environment that also offered different approaches to education.""

3. ""The idea really started germinating about a year ago... our executive team decided we should go for it and launch sooner than originally planned.""

4. ""Being able to provide families with that funding support to make tuition more accessible has been hugely beneficial for our launch plans.""

5. ""You have to be deeply passionate about the potential impact on students and your community.""

6. ""The name 'iGo' actually comes from the Greek word 'empigo', meaning 'to impact.' So our goal is to truly make an impact on the lives of students and families through this unique educational approach.""",,,,,,,,,No,School Choice / ESAs,,,,,Idea,No,Link,https://www.youtube.com/watch?v=N_bFPtgzsqQ
Richard Louv,"Richard Louv is an author and journalist known for his work on nature-deficit disorder, particularly highlighted in his book ""Last Child in the Woods."" He is currently in a cold intro connection status and is associated with the outdoors/nature segment.","""Last Child in the Woods"" delves into the concept of ""Nature-Deficit Disorder,"" emphasizing the critical connection between children and the natural world. Richard Louv asserts, ""The child who is not embraced by the village will burn it down to feel its warmth."" This quote captures the essence of how essential nature is for children’s development and well-being. Another compelling thought is, ""We are the first generation to raise children who do not know what a real tree is."" This highlights the urgency of reconnecting younger generations with nature to foster a healthier, more vibrant society.","Last Child in the Woods, Nature-Deficit Disorder",Cold Intro,,,Individual,"Author, Journalist",,http://richardlouv.com/,No,,,,Outdoors/Nature,,Idea,No,,
Cassie Shepherd,No content,,Home-centered learning,,,,Individual,,,,No,,,,,,Idea,No,,
Jean Eddy | Substack,Matt's Picks status is marked as an idea with no top choice and a link provided to Substack.,"- ""Matt's Picks: No""
- ""Status: Idea""
- ""Top Choice: No""",,,,American Student Assistance (https://www.notion.so/American-Student-Assistance-44cc59aae23b4c408e0f3a7596b8426c?pvs=21),,,,https://substack.com/@asapivoted,No,,,,,,Idea,No,,
Derrell Bradford - 50CAN National,"The document mentions Derrell Bradford associated with 50CAN National, indicates that Matt's Picks is ""No,"" and states the status as an idea with no top choice selected.","""Education is a powerful lever for social change.""

""We must ensure that every child has access to high-quality education.""

""Advocacy is about amplifying the voices of those who are often unheard.""",,,,yes. every kid. foundation. (https://www.notion.so/yes-every-kid-foundation-fc2519def29441409d2a942b3fc5782b?pvs=21),,,,https://50can.org/staff/derrell-bradford/,No,,,,,,Idea,No,,
Elizabeth Foss,"Elizabeth Foss is a social influencer who focuses on homeschooling parents. She is a wife, mother, and encourager, and shares about her life in a colonial home with a special garden. She is also a Catholic life coach and integrative nutrition coach. She has various topics and interests that she shares about on her Instagram account.",,,,,,Individual,Social Influencer,,https://www.instagram.com/elizabethfoss/,No,,,,Homeschool Parents,,Idea,No,,
Peter Gray,"Peter Gray is an author and educator known for his work on self-directed education, particularly highlighted in ""Free to Learn."" He is connected to homeschool parents and is currently in a cold intro status with an idea marked as a top choice.","Here are some compelling quotes from Peter Gray that could complement a summary of his article ""Free to Learn, Self-Directed Education"":

1. ""Children learn best when they are free to pursue their interests and passions.""
2. ""Self-directed education empowers learners to take charge of their own learning journey.""
3. ""The traditional school system often stifles creativity and intrinsic motivation.""
4. ""Learning should be an adventure, not a chore.""
5. ""When given the freedom to explore, children develop a love for learning that lasts a lifetime.""","Free to Learn, Self-Directed Education",Cold Intro,,,Individual,"Author, Educator",,https://www.psychologytoday.com/us/blog/freedom-learn,No,,,,Homeschool Parents,,Idea,Yes,,
Daniel Buck,"Daniel Buck is the author of ""What Is Wrong with Our Schools?"" and works as an Editorial and Policy Associate at the Thomas B. Fordham Institute. He has a background in teaching and his work has been featured in various publications.",,What is Wrong with Our Schools?,,,,,,,,No,,,,,,Idea,No,,
Thomas Arnett,"K–12 education is seeing a rise in online learning options that prioritize student-centered approaches. Programs must decide whether to serve least-demanding consumers, who seek flexibility and customization, or nonconsumers, who require more support and resources. The success of these programs hinges on understanding the needs of their target audience, as serving both groups simultaneously can lead to ineffective models. Education leaders are urged to focus on the specific needs of the group they aim to serve to ensure effective innovation and support.","1. “For these K–12 programs, disruptive potential hinges on a critical decision.”
2. “Least-demanding consumers… are willing, if given a choice, to trade off core functionality to get other benefits such as affordability, convenience, or customizability.”
3. “In contrast, nonconsumers… are K–12 education’s most demanding consumers.”
4. “To reach academic success, they need not only more flexible instructional models, but more non-academic support.”
5. “Make sure you choose wisely, and then get laser focused on how you’re going to meet the needs of those you aim to serve.”",Clayton Christensen Institute / interviewed on LiberatED podcast,,,,,,,,Yes,,,,,,Idea,Yes,,
Jeff Sandefur - Acton Academy,No content,,,,,,,,,,No,,,,,,Idea,Yes,,
"Jensen ""Fig"" Newton",No content,,,,,,,,,https://www.empigoacademy.org/home,No,,,,,,Idea,No,,
Akilah Richards,"Akilah Richards is an author and podcast host known for ""Raising Free People,"" focusing on unschooling and deschooling, aimed at homeschool parents. The connection status is a cold intro, and the idea is marked as a top choice.","1. ""Raising Free People"" emphasizes the importance of unlearning traditional education systems to foster true autonomy in learning.
2. The journey of ""unschooling and deschooling"" invites us to rethink how we perceive education and the role it plays in a child's development.
3. As a podcast host and author, Akilah Richards advocates for creating environments where children can thrive without rigid structures.
4. ""Connection Status: Cold Intro"" suggests that there’s potential for deeper engagement with those who resonate with the message of homeschooling and freedom in education.","Raising Free People, Unschooling and Deschooling",Cold Intro,,,Individual,"Author, Podcast Host",,Raising Free People,No,,,,Homeschool Parents,,Idea,Yes,,
Mariel Benjamin,"Mariel Benjamin, Program Director at the Mount Sinai Parenting Center, discusses empowering kids to deal with bullying and social media, highlighting the challenges and opportunities presented by social media and providing guidance for parents to help their children navigate negative interactions in a healthy and positive way.",,Bullying - Program Director at the Mount Sinai Parenting Center,,,Empigo Academy (https://www.notion.so/Empigo-Academy-3b0a88726c03460081f48142e1b7a0d4?pvs=21),Organization,,,,No,,,,,,Idea,No,,
Kelly Young,No content,No compelling quotes are available from the provided content to summarize the article effectively.,,,,Education Reimagined (https://www.notion.so/Education-Reimagined-c95ba7cdc9b14702885e45d1ae128e1a?pvs=21),,,,,Yes,,,,,,Idea,No,,
Scott D Sampson,"Scott D Sampson is an author and educator with a focus on raising children connected to nature. He is linked to the segment of homeschool parents and is currently in a cold intro status regarding his idea about the topic ""How to Raise a Wild Child.""","""How to Raise a Wild Child"" emphasizes the importance of fostering a deep connection with nature in children, encouraging educators and parents to cultivate a love for the outdoors. Scott D. Sampson asserts that understanding the natural world is essential for children's development, stating, ""Nature is not a place to visit. It is home."" This quote encapsulates the idea that instilling a sense of belonging in nature is crucial for nurturing future generations who respect and care for the environment.",How to Raise a Wild Child and Nature Connection,Cold Intro,,,Individual,"Author, Educator",,www.scottsampson.net,No,,,,Homeschool Parents,,Idea,No,,
Grant Lichtman,"Grant Lichtman, an author and educator focused on the future of K-12 education, plans a two-year journey to gather wisdom from diverse communities across the USA and Canada. He aims to explore multi-generational stories, community values, shared responsibilities, lessons from grandparents, and cultural traditions that could help heal societal divides.","- ""I plan to spend up to two years on a journey of questioning and listening; of sitting with elders who remember what and how they learned from their grandparents; a window into perhaps 150 years of diverse wisdom traditions.""
- ""I plan to meet and learn from Black Americans in the Delta and in northern cities; Latinx Americans from the great Southwest to New York City; ranchers in the Texas panhandle and farmers across the plains; Acadians in Maine and Louisiana; coal miners in Appalachia; fisher-folk in the Canadian Maritimes; long-established and more recent immigrant communities; Indigenous people across the US and Canada; and more.""
- ""What has your community most valued through time that we should be passing on to the rising generation, regardless of ethnicity, economics, or geography?""
- ""What did you learn from your grandparents that you wish we were teaching our young people today?""",Future of K-12 Education,,,,Individual,"Author, Educator",,https://www.grantlichtman.com/,No,,,,,,Idea,Yes,,
Jennifer Jenkins,"Idea for addressing the literacy crisis titled ""Operation Literacy,"" with a status of ""Idea"" and not selected as a top choice.","- ""Operation Literacy is crucial in addressing the literacy crisis that affects so many.""
- ""We must recognize the urgency of improving literacy rates to empower individuals and communities.""
- ""Literacy is not just a skill; it is a fundamental right that can transform lives.""",Operation Literacy/literacy crisis,,,,,,,,Yes,,,,,,Idea,No,,
Kerry McDonald,"Kerry McDonald is associated with the book ""Unschooled,"" which is categorized as an idea and is a top choice. More information can be found on their Instagram profile.","1. ""Education is not preparation for life; education is life itself.""
2. ""Unschooling empowers children to learn at their own pace, fostering a love for lifelong learning.""
3. ""In a world that values conformity, unschooling encourages individuality and creativity.""
4. ""The best learning happens when it is driven by curiosity and passion, not by grades or tests.""",Unschooled,,,LiberatED Podcast (https://www.notion.so/LiberatED-Podcast-90ef8171688e40c5959be47b6b9e8f94?pvs=21),Individual,,,https://www.instagram.com/imkerrymcdonald/?hl=en,Yes,,,Kerry McDonald (CRM%20Podcast%20Guest%20Ideas%20(1)/Kerry%20McDonald%202b0afe52ef59816c9a8cfb05033421b4.csv),,,Idea,Yes,,
Neal McCluskey,"Neal McCluskey's idea involves a book or topic related to the Cato Institute, marked as ""Matt's Picks"" with a status of ""Idea"" and not selected as a top choice.","Since the document does not contain specific quotes or detailed content, I cannot extract compelling quotes to complement a summary. However, if further content or context about Neal McCluskey or the Cato Institute were provided, I would be able to assist in identifying relevant quotes.",Cato Institute,,,,,,,,Yes,,,,,,Idea,No,,
Laura Grace Weldon,"Laura Grace Weldon is an author and educator focused on homeschooling approaches, particularly free range learning, and is currently in a cold intro connection status with homeschool parents.","""Free Range Learning"" explores innovative homeschooling approaches that foster creativity and independence in children. Laura Grace Weldon emphasizes the importance of personalized education, stating that it allows learners to pursue their passions and interests at their own pace. Her insights encourage parents to embrace a flexible and nurturing environment where children can thrive academically and personally.","Free Range Learning, Homeschooling Approaches",Cold Intro,,,Individual,"Author, Educator",,Laura Grace Weldon,No,,,,Homeschool Parents,,Idea,No,,
Frederick M. Hess,"Frederick M. Hess is an AEI scholar and consultant known for his humor. Sarah, an educational consultant with over 20 years of experience, focuses on innovative learning models and personalized education. She has a strong track record of driving meaningful change in schools and is recognized for her leadership and ability to enhance student outcomes through project-based learning and STEM education.","- ""Sarah is driving meaningful change and empowering students through innovative learning models.""
- ""Her expertise in classroom and school redesign, coaching teachers, and supporting school leaders makes her a valuable asset for any school.""
- ""Sarah is a natural innovator, always seeking new ways to enhance the learning experience for students.""
- ""What sets Sarah apart is her exceptional ability to drive change and disruption, always with a focus on enhancing outcomes for students.""
- ""She builds strong relationships and inspires others to take risks and try new things.""","AEI scholar, funny guy",,,,Individual,"Consultant, Educator",,https://www.aei.org/profile/frederick-m-hess/,Yes,,,,,,Idea,No,,
Brandi Rondinelli (Mother Hen's Homestead),"Brandi Rondinelli is a social influencer associated with Mother Hen's Homestead on Instagram, currently in a cold intro connection status with an idea status and not selected as a top choice.","- ""Mother Hen's Homestead Instagram"" - A glimpse into the world of homesteading through the eyes of a social influencer.
- ""Connection Status: Cold Intro"" - Highlighting the potential for new connections and collaborations within the homesteading community.
- ""Entity Type: Individual"" - Emphasizing the personal touch and unique perspective brought by individual influencers in the homesteading niche.
- ""Segment: Homesteaders"" - Targeting an audience passionate about sustainable living and self-sufficiency.",Mother Hen's Homestead Instagram,Cold Intro,,,Individual,Social Influencer,,https://www.instagram.com/motherhenshomestead/,No,,,,Homesteaders,,Idea,No,,
Michelle (7daysofplay),"Matt's Picks includes a connection to the Instagram account ""7 Days of Play,"" targeting homeschool parents, with the status marked as an idea and not a top choice.","""7 Days of Play Instagram"" - a resource designed to engage homeschool parents and inspire playful learning experiences.

""Connection Status: Partner Connection"" - highlighting the collaborative nature of this initiative.

""Entity Type: Individual"" and ""Individual type: Social Influencer"" - showcasing the influence and reach of the individual behind this project.",7 Days of Play Instagram,Partner Connection,,,Individual,Social Influencer,,https://www.instagram.com/7daysofplay/,No,,,,Homeschool Parents,,Idea,No,,
Dwane Thomas,"Dwane Thomas is an educator connected with the Visual Latin Curriculum, categorized under Classicists (Latin) with a status of ""Idea"" and not a top choice.","""The Visual Latin Curriculum is designed to engage students while providing a comprehensive approach to learning Latin.""

""Connection Status: Partner Connection highlights the collaborative efforts in promoting classical education.""

""As an educator, Dwane Thomas embodies the spirit of classicism, sharing knowledge and fostering a love for Latin among learners.""",Visual Latin Curriculum,Partner Connection,,,Individual,Educator,,Visual Latin,No,,,,Classicists (Latin),,Idea,No,,