Name,Claude conversation,Download,Host,Long Clip Status,Parent item,Publish Date,Record Date,Short Clip Link,Short Clips Status,Source URL,Spotify Link,Status,Sub-item,Thumbnail,YouTube Link,🔮 Master Content Database
"001 Matt Bowman & Isaac ",,,"Isaac, Matt",Not started,,,"July 19, 2024",,Done,,,Done,Matt Bowman & Isaac Long Clips (Podcast/Podcast%20Master%20Calendar/Matt%20Bowman%20&%20Isaac%20Long%20Clips%2023aafe52ef5980dbb295d49ceea807ce.md),,,
Corey DeAngelis on the Parent Revolution,,,"Isaac, Matt",Not started,,,,,Done,,,Done,Corey DeAngelis Long Clips (Podcast/Podcast%20Master%20Calendar/Corey%20DeAngelis%20Long%20Clips%2023aafe52ef5980bcb9cefa6d507a28b2.md),,,
Kerry McDonald on Microschools,,,Isaac,Not started,,,"September 19, 2024",,Done,,,Done,Kerry McDonald Long Clips (Podcast/Podcast%20Master%20Calendar/Kerry%20McDonald%20Long%20Clips%2023aafe52ef59803cb0f6c3ec96164ea9.md),,,
004 - Cassie Shepherd,,,"Charlie, Ela, Matt",Not started,,,,,Done,,,Done,Cassie Shepherd Long Clips (Podcast/Podcast%20Master%20Calendar/Cassie%20Shepherd%20Long%20Clips%2023aafe52ef59806ea257cf4b7c0d93ce.md),,,
003 - Aaron Osmond - The truth about tech careers,,,"Ela, Isaac, Matt",Not started,,,"July 26, 2024",,Done,,,Done,Aaron Osmond Long Clips (Podcast/Podcast%20Master%20Calendar/Aaron%20Osmond%20Long%20Clips%2023aafe52ef5980668c29df4287ff42e4.md),,,
Emily Liebtag on Learner-Centered Ecosystems,,,Matt,Not started,,,,,Done,,,Done,Emily Liebtag Long Clips (Podcast/Podcast%20Master%20Calendar/Emily%20Liebtag%20Long%20Clips%2023aafe52ef59804594ead4c7a9c7c1a1.md),,,
006 - Hannah Frankman - Deschooling,,,Isaac,Not started,,,,,Done,,,Done,Hannah Frankman Long Clips (Podcast/Podcast%20Master%20Calendar/Hannah%20Frankman%20Long%20Clips%2023aafe52ef5980ee8398f96deaff38c0.md),,,
004 - Michael B. Horn on the Education Unbundling,,,Isaac,Not started,,,"August 9, 2024",,Done,,,Done,Michael B. Horn Long Clips (Podcast/Podcast%20Master%20Calendar/Michael%20B%20Horn%20Long%20Clips%2023aafe52ef5980a0907ec062c0b420bd.md),,,
Classical Education - Great Hearts,,,"Charlie, Ela, Isaac",Not started,,,,,Done,,,Done,Parent Long Clips (Podcast/Podcast%20Master%20Calendar/Parent%20Long%20Clips%2023aafe52ef59805d8743e351fe4c8ca3.md),,,
Brian Vas on SNHU,,,"Ela, Isaac, Matt",Not started,,,,,Done,,,Done,Parent Long Clips (Podcast/Podcast%20Master%20Calendar/Parent%20Long%20Clips%2023aafe52ef59807e9d72d4633f6bef62.md),,,
Zoe at Learn Libre,,,"Ela, Isaac, Matt",Not started,,,,,Done,,,Done,Parent Long Clips (Podcast/Podcast%20Master%20Calendar/Parent%20Long%20Clips%2023aafe52ef5980ad8a00ecb1e2107dd5.md),,,
Jacob at Musiquest,,,"Ela, Isaac, Matt",Not started,,,,,Done,,,Done,Parent Long Clips (Podcast/Podcast%20Master%20Calendar/Parent%20Long%20Clips%2023aafe52ef5980a4a8aaf41b886b0534.md),,,
Jantzen Russell (Independent Education Program),,,Isaac,Not started,,,,,Done,,,Done,Parent Long Clips (Podcast/Podcast%20Master%20Calendar/Parent%20Long%20Clips%2023aafe52ef59803e99f9cac230db3d69.md),,,
Chet and Fletch (Andrea) - Hands-on Filmmaking,,https://web.descript.com/59ac9432-b7e1-43c1-b33f-9f5d52c664c6/862d9?kind=video_project&lite=false,Andrea,Not started,,"September 18, 2025",,,Done,https://riverside.fm/dashboard/studios/andreas-opened-pod/projects/680fd948778fcec1aaebcdd0?share-token=c61bcb1fdad7805bdd12&content-shared=project,,Done,Long Clips (Podcast/Podcast%20Master%20Calendar/Long%20Clips%2023aafe52ef5980db851bfd4702583951.md),,,"Chet and Fletch - Youtube Package (../../OpenEd%20Market/4dc9011b086c410392982e6bbf2940ef/OpenEd%20Content%20Engine/Master%20Content%20Database/Chet%20and%20Fletch%20-%20Youtube%20Package%20253afe52ef598020b924cd39ea6b84c9.md), Chet and Fletch - Newsletter Archive (../../OpenEd%20Market/4dc9011b086c410392982e6bbf2940ef/OpenEd%20Content%20Engine/Master%20Content%20Database/Chet%20and%20Fletch%20-%20Newsletter%20Archive%20253afe52ef59807683a9dd55242483b0.md), Chet and Fletch - Social Media Package (../../OpenEd%20Market/4dc9011b086c410392982e6bbf2940ef/OpenEd%20Content%20Engine/Master%20Content%20Database/Chet%20and%20Fletch%20-%20Social%20Media%20Package%20253afe52ef59807eb416e6aad3816482.md), Chet and Fletch - Blog Post Package (../../OpenEd%20Market/4dc9011b086c410392982e6bbf2940ef/OpenEd%20Content%20Engine/Master%20Content%20Database/Chet%20and%20Fletch%20-%20Blog%20Post%20Package%20253afe52ef5980c78918da28691ff286.md), ARticle (../../OpenEd%20Market/4dc9011b086c410392982e6bbf2940ef/OpenEd%20Content%20Engine/Master%20Content%20Database/ARticle%20272afe52ef59805eb672f727d626f35c.md)"
Heidie Nesset,,,"Isaac, Matt",Not started,,,,,Done,,,Done,Parent Long Clips (Podcast/Podcast%20Master%20Calendar/Parent%20Long%20Clips%2023aafe52ef5980ebacaae158be0e46e1.md),,,
002 - Matt & Isaac,,,"Isaac, Matt",Not started,,,,,Done,,,Done,Parent Long Clips (Podcast/Podcast%20Master%20Calendar/Parent%20Long%20Clips%2023aafe52ef598055aa05dc1b3befab77.md),,,
005 - Andrea Fife,,,Andrea,Not started,,,,,Done,,,Done,Parent Long Clips (Podcast/Podcast%20Master%20Calendar/Parent%20Long%20Clips%2023aafe52ef59803fa5b1ecc32698db88.md),,,
Daniella Park - Baketivity,,,Charlie,Not started,,,,,Done,,,Done,Long Clips (Podcast/Podcast%20Master%20Calendar/Long%20Clips%2023aafe52ef598031a4f8d055d7709a3b.md),OpenEd%20Daily/Podcast_Thumbnail_Template_(2).png,https://youtu.be/zFry_bGUKsE,
007 - Ela & Isaac,,,"Ela, Isaac",Not started,,,,,Done,,,Done,Long Clips (Podcast/Podcast%20Master%20Calendar/Long%20Clips%2023aafe52ef598065a783d7d7d445fa0a.md),,,
Krystle Cordingley,,,Charlie,Not started,,,,,Done,,,Done,Long Clips (Podcast/Podcast%20Master%20Calendar/Long%20Clips%2023aafe52ef5980b2b02cffa00ca4f534.md),,,
Mark Hyatt - Falcon Aerolab,,,"Isaac, Matt",Not started,,,,,Done,,,Done,Long Clips (Podcast/Podcast%20Master%20Calendar/Long%20Clips%2023aafe52ef598052bd18deccb88b9ad4.md),,https://youtu.be/h53EZNNeFhM,"Touch, Fly, Feel (../../OpenEd%20Market/4dc9011b086c410392982e6bbf2940ef/OpenEd%20Content%20Engine/Master%20Content%20Database/Touch,%20Fly,%20Feel%20103afe52ef5980b9bedafafee9b8a4a2.md)"
Nature Kids Connect,,,Charlie,Not started,,,,,Done,,,Done,Long Clips (Podcast/Podcast%20Master%20Calendar/Long%20Clips%2023aafe52ef5980cd828fec63c27960a4.md),,,"""When you run from a bear with your friends, it definitely forms very strong connections."" (15:27) (../../OpenEd%20Market/4dc9011b086c410392982e6bbf2940ef/OpenEd%20Content%20Engine/Master%20Content%20Database/When%20you%20run%20from%20a%20bear%20with%20your%20friends,%20it%20def%2010aafe52ef59803fb3ddcb4b2d84d8b0.md)"
Joey Mascio - Sidekick to Hero,,,,Not started,,,,,Done,,,Done,Long Clips (Podcast/Podcast%20Master%20Calendar/Long%20Clips%2023aafe52ef59808e8572e794c676f2fe.md),,,
Q&A Matt & Isaac September,,,"Isaac, Matt",Not started,,,,,Done,,,Done,Q&A Matt & Isaac September Long Clips (Podcast/Podcast%20Master%20Calendar/Q&A%20Matt%20&%20Isaac%20September%20Long%20Clips%2023aafe52ef5980c3b224c8cea1c7ec84.md),,,
Matt Beadreau,,,"Ela, Matt",Not started,,,,,Done,,https://podcasters.spotify.com/pod/show/the-opened-podcast/episodes/Stop-Outsourcing-Your-Childs-Education--Matt-Beaudreau-on-Taking-Back-Control-e2q1tn4,Done,Matt Beadreau Long Clips (Podcast/Podcast%20Master%20Calendar/Matt%20Beadreau%20Long%20Clips%2023aafe52ef5980739c49f4e26b8064d9.md),OpenEd%20Daily/Podcast_Thumbnail_Template_(2)%201.png,https://youtu.be/IIpvdN48auY,
Jamie Lesko,,,Ela,Not started,,,"September 18, 2024",,Done,https://riverside.fm/dashboard/studios/opened-podcast---ela/projects/66eb1706a95b18266afb168f?share-token=6140fc8dd4bb71e356e9&content-shared=project,,Done,Long Clips (Podcast/Podcast%20Master%20Calendar/Long%20Clips%2023aafe52ef5980048c28e629986bc7b3.md),,,
Sunny,,,"Charlie, Ela, Matt",Not started,,,,,Done,https://riverside.fm/dashboard/studios/opened-podcast---ela/projects/66e1eb136c2675cf4cddb31a?share-token=6140fc8dd4bb71e356e9&content-shared=project,,Done,Long Clip (Podcast/Podcast%20Master%20Calendar/Long%20Clip%2023aafe52ef598083a4c9ca60234a4e6a.md),,,
Charlynn Chambers,,,"Ela, Isaac, Matt",Not started,,,"September 18, 2024",,Done,https://riverside.fm/dashboard/studios/opened-podcast---ela/projects/66eb34735633b16dec60f546?share-token=6140fc8dd4bb71e356e9&content-shared=project,,Done,Long Clips (Podcast/Podcast%20Master%20Calendar/Long%20Clips%2023aafe52ef5980d4b6c4f36b6b4a2b2a.md),,,
Sandy Grant,,,Ela,Not started,,,"September 20, 2024",,Done,https://riverside.fm/dashboard/studios/opened-podcast---ela/projects/66ec76d17c3253027a7cb30e?share-token=6140fc8dd4bb71e356e9&content-shared=project,,Done,Long Clips (Podcast/Podcast%20Master%20Calendar/Long%20Clips%2023aafe52ef5980b6a2f2d8a0f6cc568f.md),,,
Cassie Shepherd,,https://share.descript.com/view/RZrYVpMOWBm,"Ela, Isaac, Matt",Not started,,,,,Done,https://riverside.fm/dashboard/studios/opened-podcast---ela/projects/66f4757ad45ec31ac6ff7a3c?share-token=6140fc8dd4bb71e356e9&content-shared=project,,Done,Long Clip (Podcast/Podcast%20Master%20Calendar/Long%20Clip%2023aafe52ef59805d96a8d3f8172f917c.md),,,
Keri Mae,,,Ela,Not started,,,,,Done,https://riverside.fm/dashboard/studios/opened-podcast---ela/projects/66f5967f041ab9667347fa57?share-token=6140fc8dd4bb71e356e9&content-shared=project,,Done,Long Clips (Podcast/Podcast%20Master%20Calendar/Long%20Clips%2023aafe52ef5980efa4bef36f9c658665.md),,,
Q&A Matt Isaac ft. Andrea,,,"Andrea, Isaac, Matt",Not started,,,,,Done,,,Done,Long Clips (Podcast/Podcast%20Master%20Calendar/Long%20Clips%2023aafe52ef598090ba30e1dd9764821a.md),,,
Peggy Lowe,,https://share.descript.com/view/EQyFEsRx1t7,"Ela, Matt",Not started,,,,,Done,https://riverside.fm/dashboard/studios/opened-podcast---ela/projects/67102430694cdaefeb0aca35?share-token=6140fc8dd4bb71e356e9&content-shared=project,,Done,Long Clips (Podcast/Podcast%20Master%20Calendar/Long%20Clips%2023aafe52ef5980f3b444f92209bfbdd7.md),OpenEd%20Daily/Podcast_Thumbnail_Template_(11).png,,
Laura Feller,,https://web.descript.com/0ae9fddd-1c6d-4eba-8e15-2bfc7201e37b,Ela,Not started,,,,,Done,https://riverside.fm/dashboard/studios/opened-podcast---ela/projects/671a7e5e29677775bb5a75e8?share-token=6140fc8dd4bb71e356e9&content-shared=project,,Done,Long Clips (Podcast/Podcast%20Master%20Calendar/Long%20Clips%2023aafe52ef5980e7a54efacfce5287c6.md),OpenEd%20Daily/Tess_Scholl_(6).png,https://youtu.be/1zfEhRJq_sI,"Her first instinct was to bring school home.. (../../OpenEd%20Market/4dc9011b086c410392982e6bbf2940ef/OpenEd%20Content%20Engine/Master%20Content%20Database/Her%20first%20instinct%20was%20to%20bring%20school%20home%20156afe52ef59805fb48bf7ee1862bd71.md), The doubt that stops most parents from homeschooling (../../OpenEd%20Market/4dc9011b086c410392982e6bbf2940ef/OpenEd%20Content%20Engine/Master%20Content%20Database/The%20doubt%20that%20stops%20most%20parents%20from%20homeschooli%20157afe52ef59809f88e1c55a363e529c.md), Why Math Mastery is important (Math UC) (../../OpenEd%20Market/4dc9011b086c410392982e6bbf2940ef/OpenEd%20Content%20Engine/Master%20Content%20Database/Why%20Math%20Mastery%20is%20important%20(Math%20UC)%20157afe52ef5980e3bd60d9e655fd928c.md), Laura Feller (../../OpenEd%20Market/4dc9011b086c410392982e6bbf2940ef/OpenEd%20Content%20Engine/Master%20Content%20Database/Laura%20Feller%201a6afe52ef5980298884f4e5bd48862a.md)"
Eleyah Knight,,https://web.descript.com/ddcaf149-d3b9-485d-a1c8-fa62078e771e,"Ela, Isaac, Matt",Not started,,,,,Done,https://riverside.fm/dashboard/studios/opened-podcast---ela/projects/671951d27f757b6df7c2c8a6?share-token=6140fc8dd4bb71e356e9&content-shared=project,,Done,Long Clips (Podcast/Podcast%20Master%20Calendar/Long%20Clips%2023aafe52ef5980ce9bf0f1b94c098402.md),OpenEd%20Daily/Eleyah_Knights.png,,"Eleyah Knight (../../OpenEd%20Market/4dc9011b086c410392982e6bbf2940ef/OpenEd%20Content%20Engine/Master%20Content%20Database/Eleyah%20Knight%201a6afe52ef598056a660f20407708dab.md), Blog Post: How to Create a Thriving Educational Micro-Community: The Complete Guide (../../OpenEd%20Market/4dc9011b086c410392982e6bbf2940ef/OpenEd%20Content%20Engine/Master%20Content%20Database/Blog%20Post%20How%20to%20Create%20a%20Thriving%20Educational%20Mic%201b9afe52ef598000b802e8b0655ae553.md)"
Claire Honeycutt,,https://web.descript.com/e5ed2bae-c794-4f2f-9b77-a22a61b7dd17/31ea6?editorVariant=default,"Charlie, Ela, Isaac",Not started,,,,,Done,,,Done,Long Clips (Podcast/Podcast%20Master%20Calendar/Long%20Clips%2023aafe52ef5980cf87cfebe6d4522d9e.md),"OpenEd%20Daily/Tess_Scholl_(3).png, OpenEd%20Daily/Tess_Scholl_(4).png",,
Elle Tevebaugh,,https://web.descript.com/87b8f7e2-8cce-4a72-881d-6d2cf0c88aee/aa729,Ela,Not started,,,,,Done,https://riverside.fm/dashboard/studios/opened-podcast---ela/projects/6723c0fe24132bf462f5f015?share-token=6140fc8dd4bb71e356e9&content-shared=project,,Done,Long Clips (Podcast/Podcast%20Master%20Calendar/Long%20Clips%2023aafe52ef5980ef998bd4c91b35345a.md),OpenEd%20Daily/Elle_Tevebaugh.png,,
Matt and Isaac Q&A,,https://web.descript.com/e14a8a80-a5d6-4cae-ba43-e1964960c48c/138b4,"Isaac, Matt",Not started,,,,,Done,https://riverside.fm/dashboard/studios/alexs-studio-LxwtO/projects/675c7634ff88961475d3d6bf?share-token=cd6bdc72a180229529b5&content-shared=project,https://creators.spotify.com/pod/show/the-opened-podcast/episodes/Homeschooled-Teen-Makes-150k-From-Garden-Boxes--Your-OpenEd-Qs-Answered-e2tstti,Done,Long Clips (Podcast/Podcast%20Master%20Calendar/Long%20Clips%2023aafe52ef5980f9ae5decabc822b6a1.md),OpenEd%20Daily/Podcast_Thumbnail_Template_(2)%202.png,https://youtu.be/_dMhKMhX4K4,
(Draft) Brettani Shannon,,https://web.descript.com/0bc9f4d2-bed0-4ba1-84aa-d8b7af48e6df,"Ela, Isaac, Matt",Not started,,,,,Done,https://riverside.fm/dashboard/studios/opened-podcast---ela/projects/671ffcba35da7f47d9eaf214?share-token=6140fc8dd4bb71e356e9&content-shared=project,,Done,Long Clips (Podcast/Podcast%20Master%20Calendar/Long%20Clips%2023aafe52ef59801abb64cfb7b463885a.md),,,
Tess Scholl,,https://web.descript.com/7a95ec05-f1bc-4f81-9f77-c11d772c997f/8ea98?lite=false,Ela,Not started,,,,,Done,https://riverside.fm/dashboard/studios/opened-podcast---ela/projects/673e416c6a387480b0531137?share-token=6140fc8dd4bb71e356e9&content-shared=project,,Done,Long Clips (Podcast/Podcast%20Master%20Calendar/Long%20Clips%2023aafe52ef59804783e9eb78ad9d18d2.md),OpenEd%20Daily/Tess_Scholl_(3)%201.png,,
Jon England (Libertas Institute),,https://web.descript.com/c77cfb22-d96c-40ae-89fe-3c10b6030b08/808f7?editorVariant=default,"Isaac, Matt",Not started,,,,,Done,https://riverside.fm/dashboard/studios/alexs-studio-LxwtO/projects/6765b09e365c87f4f77874a6?share-token=cd6bdc72a180229529b5&content-shared=project,,Done,Long Clips (Podcast/Podcast%20Master%20Calendar/Long%20Clips%2023aafe52ef5980fcba01e08832613dec.md),"OpenEd%20Daily/Podcast_Thumbnail_Template.png, OpenEd%20Daily/Podcast_Thumbnail_Template_(1).png",,
Grant Hewitt,,https://web.descript.com/387dbe8f-7e1e-490e-aa3c-52f5072f7df9/6635f?editorVariant=default,Isaac,Not started,,,,,Done,https://riverside.fm/dashboard/studios/alexs-studio-LxwtO/projects/6759ffc51152efbdeb64c8d3?share-token=cd6bdc72a180229529b5&content-shared=project,,Done,Long Clips (Podcast/Podcast%20Master%20Calendar/Long%20Clips%2023aafe52ef59808a9049f986ade4f6b8.md),OpenEd%20Daily/Podcast_Thumbnail_Template_(4).png,,
Derrell Bradford,,https://web.descript.com/28b2d26a-0ead-4423-9c67-31ef4f1578c9/342e3,Isaac,Not started,,,"November 8, 2024",,Done,https://riverside.fm/dashboard/studios/alexs-studio-LxwtO/projects/672e607c222676a1c0745b88?share-token=cd6bdc72a180229529b5&content-shared=project,https://creators.spotify.com/pod/show/the-opened-podcast/episodes/Why-Poor-Parents-Trust-Schools-More-Than-Rich-Ones-Do--Derrell-Bradford-e2t87lr,Done,Long Clips (Podcast/Podcast%20Master%20Calendar/Long%20Clips%2023aafe52ef59805a9cc3f87894e957c8.md),OpenEd%20Daily/Podcast_Thumbnail_Template_(2)%203.png,https://youtu.be/1lVb9Omo3NM,
Ben Kasica & Smallbone,,,Isaac,Not started,,,,,Done,https://riverside.fm/dashboard/studios/mbhp-studio/recordings/eb11d540-8998-4554-b3dc-47f26db3b303?share-token=15e529b1d47efcb9de91&content-shared=recording,,Done,Ben Kasica & Smallbone Long Clips (Podcast/Podcast%20Master%20Calendar/Ben%20Kasica%20&%20Smallbone%20Long%20Clips%2023aafe52ef598044b8f0def037b06912.md),"OpenEd%20Daily/Podcast_Thumbnail_Template%201.png, OpenEd%20Daily/Podcast_Thumbnail_Template_(5).png",,
Andrew Campanella,,,Ela,Not started,,,,,Done,,,Done,Andrew Campanella Long Clips (Podcast/Podcast%20Master%20Calendar/Andrew%20Campanella%20Long%20Clips%2023aafe52ef5980bb989dc134019c8b16.md),,,
Matt Barnes & Matt Bowman,,https://web.descript.com/afef2962-b916-460d-bfa8-d32e111f39cd/dcdd8?lite=false,Matt,Not started,,,,,Done,https://riverside.fm/dashboard/studios/alexs-studio-LxwtO/recordings/cc19a43b-5e8f-490d-8c63-635425517de5?share-token=cd6bdc72a180229529b5&content-shared=recording,,Done,Matt Barnes & Matt Bowman Long Clips (Podcast/Podcast%20Master%20Calendar/Matt%20Barnes%20&%20Matt%20Bowman%20Long%20Clips%2023aafe52ef5980958087c3034f73bbb7.md),OpenEd%20Daily/Tess_Scholl_(2).png,,
Jennifer Jenkins,,https://web.descript.com/40b6a998-54da-479b-9506-fec5cfe7d9b4/608c1,Charlie,Not started,,,,,Done,,,Done,Jennifer Jenkins Long Clips (Podcast/Podcast%20Master%20Calendar/Jennifer%20Jenkins%20Long%20Clips%2023aafe52ef5980bebda2dfde4ea60110.md),,,
Dalena Wallace,,https://share.descript.com/view/gWUdAnPhpJz,Isaac,Not started,,,,,Done,,,Done,Dalena Wallace Long Clips (Podcast/Podcast%20Master%20Calendar/Dalena%20Wallace%20Long%20Clips%2023aafe52ef59803fac4df1f7ccb0ce2c.md),,,"Honey, I started a microschool (../../OpenEd%20Market/4dc9011b086c410392982e6bbf2940ef/OpenEd%20Content%20Engine/Master%20Content%20Database/Honey,%20I%20started%20a%20microschool%201a5afe52ef5980649cdfe3ecaacb6ea8.md)"
Tyler Thigpen,https://claude.ai/share/6e8d10e6-f0bb-4e7a-900b-55517202dc97,https://web.descript.com/76c45037-a4c1-4e1c-a50e-678d20a8a6ad?editorVariant=default,"Isaac, Matt",Not started,,,,,Done,https://riverside.fm/dashboard/studios/alexs-studio-LxwtO/recordings/13ce3545-f2e0-410c-8d97-83743881929b?share-token=cd6bdc72a180229529b5&content-shared=recording,,Done,Long Clips (Podcast/Podcast%20Master%20Calendar/Long%20Clips%2023aafe52ef59800c8cbde75208bf61ab.md),,,"The real reason the spark dies.. 💔 (../../OpenEd%20Market/4dc9011b086c410392982e6bbf2940ef/OpenEd%20Content%20Engine/Master%20Content%20Database/The%20real%20reason%20the%20spark%20dies%20%F0%9F%92%94%2019dafe52ef598059b2a7c6a75bd0bbf8.md), What if students designed their own school? 🏫✨ (../../OpenEd%20Market/4dc9011b086c410392982e6bbf2940ef/OpenEd%20Content%20Engine/Master%20Content%20Database/What%20if%20students%20designed%20their%20own%20school%20%F0%9F%8F%AB%E2%9C%A8%2019eafe52ef598004870bfed3d8dd65fd.md), THIGPEN NEWSLETTER (../../OpenEd%20Market/4dc9011b086c410392982e6bbf2940ef/OpenEd%20Content%20Engine/Master%20Content%20Database/THIGPEN%20NEWSLETTER%2019eafe52ef59806ba9f3da2fa67e37a1.md), Self-Directed Learning: A Complete Parent's Guide for 2025 (../../OpenEd%20Market/4dc9011b086c410392982e6bbf2940ef/OpenEd%20Content%20Engine/Master%20Content%20Database/Self-Directed%20Learning%20A%20Complete%20Parent's%20Guide%20f%2019eafe52ef5980779125cb300fc98434.md), Untitled (../../OpenEd%20Market/4dc9011b086c410392982e6bbf2940ef/OpenEd%20Content%20Engine/Master%20Content%20Database/Untitled%2019fafe52ef5980d690decdef5a48d932.md)"
Matt & Ela Q&A,,https://web.descript.com/73eb189c-d8a2-4083-bb6e-6db0d918dbcf/608c1?editorVariant=default,"Ela, Matt",Not started,,,,,Done,https://riverside.fm/dashboard/studios/alexs-studio-LxwtO/recordings/b6ae9d8e-c056-462b-98dc-3b248c95b063?share-token=cd6bdc72a180229529b5&content-shared=recording,,Done,Matt & Ela Q&A Long Clips (Podcast/Podcast%20Master%20Calendar/Matt%20&%20Ela%20Q&A%20Long%20Clips%2023aafe52ef598079878ad2d98971bf8e.md),,,"Matt & Ela Newsletter (../../OpenEd%20Market/4dc9011b086c410392982e6bbf2940ef/OpenEd%20Content%20Engine/Master%20Content%20Database/Matt%20&%20Ela%20Newsletter%201a6afe52ef5980cab473f83c7a9889c1.md), More freedom. Less stress. Better learning. (../../OpenEd%20Market/4dc9011b086c410392982e6bbf2940ef/OpenEd%20Content%20Engine/Master%20Content%20Database/More%20freedom%20Less%20stress%20Better%20learning%201acafe52ef598054b3add24b5fbb8c65.md), The Biggest Fear Every Parent Faces (../../OpenEd%20Market/4dc9011b086c410392982e6bbf2940ef/OpenEd%20Content%20Engine/Master%20Content%20Database/The%20Biggest%20Fear%20Every%20Parent%20Faces%201acafe52ef59807c97f7cbc64525661c.md), Ask them, ""What do YOU want to learn?"" (../../OpenEd%20Market/4dc9011b086c410392982e6bbf2940ef/OpenEd%20Content%20Engine/Master%20Content%20Database/Ask%20them,%20What%20do%20YOU%20want%20to%20learn%201acafe52ef5980a0b310cbd2a5331a82.md), What if learning wasn’t time-slotted? (../../OpenEd%20Market/4dc9011b086c410392982e6bbf2940ef/OpenEd%20Content%20Engine/Master%20Content%20Database/What%20if%20learning%20wasn%E2%80%99t%20time-slotted%201acafe52ef5980fabedec950e2253e30.md), Blog Post:  (../../OpenEd%20Market/4dc9011b086c410392982e6bbf2940ef/OpenEd%20Content%20Engine/Master%20Content%20Database/Blog%20Post%201afafe52ef5980cd8162fc3b55116d5b.md)"
Meg & Ela,,https://web.descript.com/a63e3417-82ae-455c-b797-83941171b2b7/3581b?lite=false,"Ela, Matt",Not started,,,,,Done,https://riverside.fm/dashboard/studios/alexs-studio-LxwtO/recordings/d59bcf18-8744-4400-bcf3-bfb9ea6878a3?share-token=cd6bdc72a180229529b5&content-shared=recording,,Done,Meg & Ela Long Clips (Podcast/Podcast%20Master%20Calendar/Meg%20&%20Ela%20Long%20Clips%2023aafe52ef5980318178c7325c083085.md),"OpenEd%20Daily/Podcast_Thumbnail_Template%202.png, OpenEd%20Daily/Podcast_Thumbnail_Template_(3).png",,"BLog Post - Meg Thomas (../../OpenEd%20Market/4dc9011b086c410392982e6bbf2940ef/OpenEd%20Content%20Engine/Master%20Content%20Database/BLog%20Post%20-%20Meg%20Thomas%201afafe52ef59803d98e5e96ca971b9d6.md), The Self-Managing Family Secret (../../OpenEd%20Market/4dc9011b086c410392982e6bbf2940ef/OpenEd%20Content%20Engine/Master%20Content%20Database/The%20Self-Managing%20Family%20Secret%201b5afe52ef59808ca2c8f58f71fc9034.md), Stop Creating Entitled Children (../../OpenEd%20Market/4dc9011b086c410392982e6bbf2940ef/OpenEd%20Content%20Engine/Master%20Content%20Database/Stop%20Creating%20Entitled%20Children%201b5afe52ef5980b8a315f5a8b2d652fa.md), Working Myself Out of a Job (../../OpenEd%20Market/4dc9011b086c410392982e6bbf2940ef/OpenEd%20Content%20Engine/Master%20Content%20Database/Working%20Myself%20Out%20of%20a%20Job%201b5afe52ef5980deb338f6bdd8b26f3e.md)"
Maecy & ELa,,https://share.descript.com/view/omIQwUNAGqa,"Ela, Isaac, Matt",Not started,,,"March 14, 2025",,Done,https://riverside.fm/dashboard/studios/podcasts-blmvG/projects/67d45abf996509811bdd4de2?share-token=8efba606c8de7c7ec662&content-shared=project,,Done,Long Clips (Podcast/Podcast%20Master%20Calendar/Long%20Clips%2023aafe52ef5980059689f1183ad4be53.md),OpenEd%20Daily/Maecy.png,,"SEO Article: ""Beyond the 3-Hour School Day: The Reality of Modern Homeschooling"" (../../OpenEd%20Market/4dc9011b086c410392982e6bbf2940ef/OpenEd%20Content%20Engine/Master%20Content%20Database/SEO%20Article%20Beyond%20the%203-Hour%20School%20Day%20The%20Reali%201baafe52ef598054938ef0885d3af5ed.md), ""This is why parents are breaking the education rules... 🤫
#education #specialneeds #parenting” (../../OpenEd%20Market/4dc9011b086c410392982e6bbf2940ef/OpenEd%20Content%20Engine/Master%20Content%20Database/This%20is%20why%20parents%20are%20breaking%20the%20education%20rul%201bdafe52ef59806aac5df765f56d385f.md), ""No wonder everyone's ditching traditional school... 👀
#homeschooling #education #parentingtips” (../../OpenEd%20Market/4dc9011b086c410392982e6bbf2940ef/OpenEd%20Content%20Engine/Master%20Content%20Database/No%20wonder%20everyone's%20ditching%20traditional%20school%20%F0%9F%91%80%201bdafe52ef598079a4d4f9d3c40d6db3.md), ""They literally made us believe we need fancy diplomas... 🤦‍♀️
#education #college #careeradvice” (../../OpenEd%20Market/4dc9011b086c410392982e6bbf2940ef/OpenEd%20Content%20Engine/Master%20Content%20Database/They%20literally%20made%20us%20believe%20we%20need%20fancy%20diplo%201bdafe52ef5980d39143ddc04cd40099.md), Thursday: Maecy Newsletter (../../OpenEd%20Market/4dc9011b086c410392982e6bbf2940ef/OpenEd%20Content%20Engine/Master%20Content%20Database/Thursday%20Maecy%20Newsletter%201cfafe52ef598041a9a4f9e7ccd64505.md)"
TK x Isaac x Ela - the weird episode,https://claude.ai/chat/bf151496-5fc6-4004-97f6-799322506d64,https://share.descript.com/view/enGi8e8geK3,"Ela, Isaac",Not started,,,,,Done,https://riverside.fm/dashboard/studios/alexs-studio-LxwtO/projects/67d469042c7004564c13eab2?share-token=cd6bdc72a180229529b5&content-shared=project,,Done,Long Clips (Podcast/Podcast%20Master%20Calendar/Long%20Clips%2023aafe52ef5980dc9658ea697e52f6e0.md),OpenEd%20Daily/TK_Option_1_(2).png,,"CLIP 3: ""Why hide what makes your child unique?"" (../../OpenEd%20Market/4dc9011b086c410392982e6bbf2940ef/OpenEd%20Content%20Engine/Master%20Content%20Database/CLIP%203%20Why%20hide%20what%20makes%20your%20child%20unique%201baafe52ef598088baaeddc3af4dd0af.md), SEO Article: ""The Socialization Myth: Why Homeschooled Children Often Develop Stronger Social Skills"" (../../OpenEd%20Market/4dc9011b086c410392982e6bbf2940ef/OpenEd%20Content%20Engine/Master%20Content%20Database/SEO%20Article%20The%20Socialization%20Myth%20Why%20Homeschoole%201baafe52ef5980b08e38c6678a64de0b.md), CLIP 1: ""Being weird might be your child's superpower"" (../../OpenEd%20Market/4dc9011b086c410392982e6bbf2940ef/OpenEd%20Content%20Engine/Master%20Content%20Database/CLIP%201%20Being%20weird%20might%20be%20your%20child's%20superpowe%201baafe52ef5980bcae69f16389c0ae63.md), Subject Line: The Socialization Myth: Why ""Weird"" Kids Often Succeed (../../OpenEd%20Market/4dc9011b086c410392982e6bbf2940ef/OpenEd%20Content%20Engine/Master%20Content%20Database/Subject%20Line%20The%20Socialization%20Myth%20Why%20Weird%20Kids%201cfafe52ef59805cbb78fb79a5cdfbd9.md), Untitled (../../OpenEd%20Market/4dc9011b086c410392982e6bbf2940ef/OpenEd%20Content%20Engine/Master%20Content%20Database/Untitled%201d2afe52ef598027b5f2d89a51b53592.md), CLIP 2: ""School creates social environments that never exist again"" (../../OpenEd%20Market/4dc9011b086c410392982e6bbf2940ef/OpenEd%20Content%20Engine/Master%20Content%20Database/CLIP%202%20School%20creates%20social%20environments%20that%20nev%201d2afe52ef5980dbae42eb68ffb4f4d2.md)"
Chizick,,https://share.descript.com/view/knmlzqR2nmA,"Charlie, Ela, Isaac",Not started,,,,,Done,https://riverside.fm/dashboard/studios/provider-convos/projects/67c0e951c4241f31e637f909?share-token=81484b742e53a8ab2ec9&content-shared=project,,Done,Long Clips (Podcast/Podcast%20Master%20Calendar/Long%20Clips%2023aafe52ef5980d0b570e29a71f95abe.md),OpenEd%20Daily/Chizick.png,,"Silicon Valley's education secret is leaking (and it's not coding) (../../OpenEd%20Market/4dc9011b086c410392982e6bbf2940ef/OpenEd%20Content%20Engine/Master%20Content%20Database/Silicon%20Valley's%20education%20secret%20is%20leaking%20(and%20%201baafe52ef59801c93f1f5e26fe1eda7.md), ""They literally don't want you to know what the ultra-wealthy do for their kids' education... 👀
#homeschooling #education #edtech” (../../OpenEd%20Market/4dc9011b086c410392982e6bbf2940ef/OpenEd%20Content%20Engine/Master%20Content%20Database/They%20literally%20don't%20want%20you%20to%20know%20what%20the%20ult%201bcafe52ef5980a389a0c7c9f847e498.md), ""No wonder everyone's overwhelmed by curriculum choices... 😳
#homeschooling #education #parentingtips” (../../OpenEd%20Market/4dc9011b086c410392982e6bbf2940ef/OpenEd%20Content%20Engine/Master%20Content%20Database/No%20wonder%20everyone's%20overwhelmed%20by%20curriculum%20cho%201bcafe52ef5980ca92fbef5d0239ae6c.md)"
Phillip Chipping,,,"Ela, Isaac, Matt",Not started,,,,,Done,,,Done,Long Clips (Podcast/Podcast%20Master%20Calendar/Long%20Clips%2023aafe52ef5980c78f7dd1ec2ec4e094.md),,,
Cassie,,https://web.descript.com/5fbc1bbe-1f8f-4e3c-b4b2-8094ca78108f/571a0?editorVariant=default,"Ela, Isaac, Matt",Not started,,,,,Done,https://riverside.fm/dashboard/studios/alexs-studio-LxwtO/projects/67e6bc99f130fd44d3be4481?share-token=cd6bdc72a180229529b5&content-shared=project,,Done,Long Clips (Podcast/Podcast%20Master%20Calendar/Long%20Clips%2023aafe52ef598057873bc62036d17d67.md),OpenEd%20Daily/OpenED_Thumbnails_(1).png,,"Cassie Tinsmon Carousel (../../OpenEd%20Market/4dc9011b086c410392982e6bbf2940ef/OpenEd%20Content%20Engine/Master%20Content%20Database/Cassie%20Tinsmon%20Carousel%201caafe52ef59804e8c7ceee3a3c6784e.md), CLIP: What if school and life weren't separate things? (../../OpenEd%20Market/4dc9011b086c410392982e6bbf2940ef/OpenEd%20Content%20Engine/Master%20Content%20Database/CLIP%20What%20if%20school%20and%20life%20weren't%20separate%20thin%201caafe52ef598069acf4ebd3fd41b244.md), BLOG (../../OpenEd%20Market/4dc9011b086c410392982e6bbf2940ef/OpenEd%20Content%20Engine/Master%20Content%20Database/BLOG%201deafe52ef598063a7e8f0254b95e2f7.md)"
Zach Koon (Bottega University),,https://share.descript.com/view/4oBTLAxg6mr,Ela,Not started,,,,,Done,https://riverside.fm/dashboard/studios/opened-podcast---ela/projects/67f00431885f22e567f97e29?share-token=6140fc8dd4bb71e356e9&content-shared=project,,Done,Long Clips (Podcast/Podcast%20Master%20Calendar/Long%20Clips%2023aafe52ef5980518757d06a63598146.md),OpenEd%20Daily/Podcast_Thumbnails_(1).png,,"Zack Koon - Social Media Package (../../OpenEd%20Market/4dc9011b086c410392982e6bbf2940ef/OpenEd%20Content%20Engine/Master%20Content%20Database/Zack%20Koon%20-%20Social%20Media%20Package%20253afe52ef59800fb8a0ed91bfa0c1b4.md), Zack Koon - Blog Post Package  (../../OpenEd%20Market/4dc9011b086c410392982e6bbf2940ef/OpenEd%20Content%20Engine/Master%20Content%20Database/Zack%20Koon%20-%20Blog%20Post%20Package%20253afe52ef59802181b5c667b55fcb60.md), Zack Koon - Youtube Package (../../OpenEd%20Market/4dc9011b086c410392982e6bbf2940ef/OpenEd%20Content%20Engine/Master%20Content%20Database/Zack%20Koon%20-%20Youtube%20Package%20253afe52ef59808b9b26d62269a2e49a.md), OED 8.28 - Zack Koon (../../OpenEd%20Market/4dc9011b086c410392982e6bbf2940ef/OpenEd%20Content%20Engine/Master%20Content%20Database/OED%208%2028%20-%20Zack%20Koon%20253afe52ef5980f7b9b6e906d476eb25.md)"
Amir Nathoo,https://claude.ai/chat/ad2a8996-4038-42ca-9ba7-05794cd4a247,https://share.descript.com/view/uxGtmoem9Vd,Isaac,Not started,,,,,Done,https://riverside.fm/dashboard/studios/alexs-studio-LxwtO/projects/680293fa4a760cd68a7159a8?share-token=cd6bdc72a180229529b5&content-shared=project,,Done,Long Clips (Podcast/Podcast%20Master%20Calendar/Long%20Clips%2023aafe52ef59801ca682eb986f71b7ae.md),"OpenEd%20Daily/Amir_Nathoo.png, OpenEd%20Daily/Amir_Nathoo_(1).png",,"Amir Nathoo (../../OpenEd%20Market/4dc9011b086c410392982e6bbf2940ef/OpenEd%20Content%20Engine/Master%20Content%20Database/Amir%20Nathoo%201d9afe52ef59804eb7a8ec7d349bc53e.md), Blog post: Amir Nathoo (../../OpenEd%20Market/4dc9011b086c410392982e6bbf2940ef/OpenEd%20Content%20Engine/Master%20Content%20Database/Blog%20post%20Amir%20Nathoo%201dcafe52ef5980dda02fe440f1880953.md), Clip 5: ""The Expert is Just a Click Away"" (../../OpenEd%20Market/4dc9011b086c410392982e6bbf2940ef/OpenEd%20Content%20Engine/Master%20Content%20Database/Clip%205%20The%20Expert%20is%20Just%20a%20Click%20Away%201deafe52ef5980048eaaebac22741984.md), Clip 3: ""When Your Child's Interests Go Beyond Your Knowledge"" (../../OpenEd%20Market/4dc9011b086c410392982e6bbf2940ef/OpenEd%20Content%20Engine/Master%20Content%20Database/Clip%203%20When%20Your%20Child's%20Interests%20Go%20Beyond%20Your%20%201deafe52ef59802bb9d0e03bc5912c7a.md), Clip 2: ""Why Your Child Needs Multiple Learning Networks"" (../../OpenEd%20Market/4dc9011b086c410392982e6bbf2940ef/OpenEd%20Content%20Engine/Master%20Content%20Database/Clip%202%20Why%20Your%20Child%20Needs%20Multiple%20Learning%20Netw%201deafe52ef59805f85acfa1d3aaf8821.md), OUTSCHOOL Clip 1: ""Not All Screen Time Is Created Equal"" (As previously compiled - this works well) (../../OpenEd%20Market/4dc9011b086c410392982e6bbf2940ef/OpenEd%20Content%20Engine/Master%20Content%20Database/OUTSCHOOL%20Clip%201%20Not%20All%20Screen%20Time%20Is%20Created%20Eq%201deafe52ef59807e8420d41e5abf9348.md), Clip 2: ""The Box Is Now Open"" (Stronger hook from education freedom section) (../../OpenEd%20Market/4dc9011b086c410392982e6bbf2940ef/OpenEd%20Content%20Engine/Master%20Content%20Database/Clip%202%20The%20Box%20Is%20Now%20Open%20(Stronger%20hook%20from%20edu%201deafe52ef59808c9e9ddd328e053ede.md), Clip 4: ""Teachers Unleashed"" (../../OpenEd%20Market/4dc9011b086c410392982e6bbf2940ef/OpenEd%20Content%20Engine/Master%20Content%20Database/Clip%204%20Teachers%20Unleashed%201deafe52ef5980d4a494f799ec62e5b1.md), Clip 3: ""We Blame Our Kids For Our Issues"" (Provocative hook on technology and generations) (../../OpenEd%20Market/4dc9011b086c410392982e6bbf2940ef/OpenEd%20Content%20Engine/Master%20Content%20Database/Clip%203%20We%20Blame%20Our%20Kids%20For%20Our%20Issues%20(Provocati%201deafe52ef5980d99881c5e8c055d3f6.md), Clip 1: ""What Minecraft Taught Me About Modern Education"" (../../OpenEd%20Market/4dc9011b086c410392982e6bbf2940ef/OpenEd%20Content%20Engine/Master%20Content%20Database/Clip%201%20What%20Minecraft%20Taught%20Me%20About%20Modern%20Educa%201deafe52ef5980f8a69fe31446464eb0.md), Instagram/Facebook Carousel for OutSchool (../../OpenEd%20Market/4dc9011b086c410392982e6bbf2940ef/OpenEd%20Content%20Engine/Master%20Content%20Database/Instagram%20Facebook%20Carousel%20for%20OutSchool%201dfafe52ef59809bb68dc7674f81a1ac.md), 10 Weird Outschool Offerings: TWEET THREAD / TOOL (../../OpenEd%20Market/4dc9011b086c410392982e6bbf2940ef/OpenEd%20Content%20Engine/Master%20Content%20Database/10%20Weird%20Outschool%20Offerings%20TWEET%20THREAD%20TOOL%201dfafe52ef5980c2b43ccd0770d14e11.md)"
Jack Casdorph and Rachel Davie,,https://web.descript.com/f1e9f187-67f4-47ee-bdbf-16c6c29eb522/dcfed?editorVariant=default,Andrea,Not started,,,,,Done,https://riverside.fm/dashboard/studios/alexs-studio-LxwtO/projects/68069fd848df5476f7c4ee3c,,Done,Long Clips (Podcast/Podcast%20Master%20Calendar/Long%20Clips%2023aafe52ef5980e181d2c7222df2eed3.md),,,"Have We Been Teaching STEM Completely Backwards? The Case for Project-Based Learning (../../OpenEd%20Market/4dc9011b086c410392982e6bbf2940ef/OpenEd%20Content%20Engine/Master%20Content%20Database/Have%20We%20Been%20Teaching%20STEM%20Completely%20Backwards%20Th%201e5afe52ef5980bfb690cde3ccfda1c6.md), Clip #2 (The Treehouse Project - Project-Based Learning) (../../OpenEd%20Market/4dc9011b086c410392982e6bbf2940ef/OpenEd%20Content%20Engine/Master%20Content%20Database/Clip%20#2%20(The%20Treehouse%20Project%20-%20Project-Based%20Lea%201e6afe52ef598012bd6ecb3f40256fbc.md), Clip #1 (Science Education Critique) (../../OpenEd%20Market/4dc9011b086c410392982e6bbf2940ef/OpenEd%20Content%20Engine/Master%20Content%20Database/Clip%20#1%20(Science%20Education%20Critique)%201e6afe52ef5980799447d8705c4c20ff.md), 5 Myths About Learning Science & Math That Are Holding Kids Back (../../OpenEd%20Market/4dc9011b086c410392982e6bbf2940ef/OpenEd%20Content%20Engine/Master%20Content%20Database/5%20Myths%20About%20Learning%20Science%20&%20Math%20That%20Are%20Hol%201f4afe52ef5980a18c20f69a951f76d2.md), Rethinking How We Teach STEM: Insights from the Open Ed Podcast (../../OpenEd%20Market/4dc9011b086c410392982e6bbf2940ef/OpenEd%20Content%20Engine/Master%20Content%20Database/Rethinking%20How%20We%20Teach%20STEM%20Insights%20from%20the%20Ope%201f4afe52ef5980f19196edd9866f2263.md)"
Rose Ybaben and Danielle Randall,,https://share.descript.com/view/7LzVs3C0ma2,Andrea,Not started,,,,,Done,https://riverside.fm/dashboard/studios/andreas-opened-pod/recordings/a63ea911-6e21-407a-980b-67912d4fc0a3?share-token=c61bcb1fdad7805bdd12&content-shared=recording,,Done,Long Clips (Podcast/Podcast%20Master%20Calendar/Long%20Clips%2023aafe52ef59801f83dcd2a3a6ed764e.md),OpenEd%20Daily/Podcast_Thumbnails.png,,"Blog Post- Breaking Free from Educational Conveyor Belts: A Conversation on Post-High School Paths (../../OpenEd%20Market/4dc9011b086c410392982e6bbf2940ef/OpenEd%20Content%20Engine/Master%20Content%20Database/Blog%20Post-%20Breaking%20Free%20from%20Educational%20Conveyor%201ebafe52ef5980a6ac81f96e3139c144.md), DAILY - Andrea (../../OpenEd%20Market/4dc9011b086c410392982e6bbf2940ef/OpenEd%20Content%20Engine/Master%20Content%20Database/DAILY%20-%20Andrea%201ebafe52ef5980b39495d4a666aee7ac.md), CLIP 1 (../../OpenEd%20Market/4dc9011b086c410392982e6bbf2940ef/OpenEd%20Content%20Engine/Master%20Content%20Database/CLIP%201%201f5afe52ef5980e9881dd114591e3740.md), Rose & Danielle Newsletter (../../OpenEd%20Market/4dc9011b086c410392982e6bbf2940ef/OpenEd%20Content%20Engine/Master%20Content%20Database/Rose%20&%20Danielle%20Newsletter%20200afe52ef59804193bffb063ca86ce8.md)"
Matt & Isaac Book Launch!,,,"Isaac, Matt",Not started,,,"May 9, 2025",,Done,,,Done,Long Clips (Podcast/Podcast%20Master%20Calendar/Long%20Clips%2023aafe52ef5980d5983dd1f68064d028.md),,,"The 200-Year-Old Trap: Breaking Down Part One of ""Open Education"" (../../OpenEd%20Market/4dc9011b086c410392982e6bbf2940ef/OpenEd%20Content%20Engine/Master%20Content%20Database/The%20200-Year-Old%20Trap%20Breaking%20Down%20Part%20One%20of%20Op%201f1afe52ef59805a9278dc2a2a376571.md), Primary Social Media Clip (Improved) (../../OpenEd%20Market/4dc9011b086c410392982e6bbf2940ef/OpenEd%20Content%20Engine/Master%20Content%20Database/Primary%20Social%20Media%20Clip%20(Improved)%201f1afe52ef598073a5dcd0f6e8579bab.md)"
Connor Boyack,,https://web.descript.com/ef4cb972-6a62-4fc2-aaf4-42930705504b/0c07c?editorVariant=default,Isaac,Not started,,,"May 16, 2025",,Done,https://riverside.fm/dashboard/studios/alexs-studio-LxwtO/recordings/05ff6c4c-6ca4-4915-af39-aa09dc67fae3?share-token=cd6bdc72a180229529b5&content-shared=recording,,Done,Long Clips (Podcast/Podcast%20Master%20Calendar/Long%20Clips%2023aafe52ef598074bcead5170eac0d3e.md),,,"Clip #3: ""Intentionality in Education"" (Decision-Making) (../../OpenEd%20Market/4dc9011b086c410392982e6bbf2940ef/OpenEd%20Content%20Engine/Master%20Content%20Database/Clip%20#3%20Intentionality%20in%20Education%20(Decision-Maki%201f5afe52ef59800aac9bf619a91e870d.md), Clip #2: ""Context Before Content"" (Minecraft Example) (../../OpenEd%20Market/4dc9011b086c410392982e6bbf2940ef/OpenEd%20Content%20Engine/Master%20Content%20Database/Clip%20#2%20Context%20Before%20Content%20(Minecraft%20Example)%201f5afe52ef59806094ccec72e3524a0f.md), Main post  (../../OpenEd%20Market/4dc9011b086c410392982e6bbf2940ef/OpenEd%20Content%20Engine/Master%20Content%20Database/Main%20post%201f5afe52ef5980878185f7cbe205314b.md), Clip #1: ""Just in Case vs Just in Time"" Learning Model (../../OpenEd%20Market/4dc9011b086c410392982e6bbf2940ef/OpenEd%20Content%20Engine/Master%20Content%20Database/Clip%20#1%20Just%20in%20Case%20vs%20Just%20in%20Time%20Learning%20Mode%201f5afe52ef59809fb2fecd9703870e2f.md), Clip #4: ""The Permission Society Problem"" (OPTIONAL BONUS CLIP) (../../OpenEd%20Market/4dc9011b086c410392982e6bbf2940ef/OpenEd%20Content%20Engine/Master%20Content%20Database/Clip%20#4%20The%20Permission%20Society%20Problem%20(OPTIONAL%20B%201f5afe52ef5980fd8327f90a3d4280b2.md), NEwsletter (../../OpenEd%20Market/4dc9011b086c410392982e6bbf2940ef/OpenEd%20Content%20Engine/Master%20Content%20Database/NEwsletter%20200afe52ef59801dbd2ff6556a2011d4.md), CLip #5 (../../OpenEd%20Market/4dc9011b086c410392982e6bbf2940ef/OpenEd%20Content%20Engine/Master%20Content%20Database/CLip%20#5%20202afe52ef5980308db2e7c63b372d15.md)"
Tony mickelson - Savvy Learning,,https://share.descript.com/view/AWFLA20ahAe,"Ela, Isaac, Matt",Not started,,,"May 16, 2025",,Done,https://riverside.fm/dashboard/studios/andreas-opened-pod/recordings/09b5d08e-eac2-44f1-85c1-cdcc9d73066b?share-token=c61bcb1fdad7805bdd12&content-shared=recording,,Done,Long Clips (Podcast/Podcast%20Master%20Calendar/Long%20Clips%2023aafe52ef59807e823fedd458e05991.md),"OpenEd%20Daily/Podcast_Thumbnails_(1)%201.png, OpenEd%20Daily/Podcast_Thumbnails_(2).png",,"CLIP 2: ""Reading Impacts Everything"" (../../OpenEd%20Market/4dc9011b086c410392982e6bbf2940ef/OpenEd%20Content%20Engine/Master%20Content%20Database/CLIP%202%20Reading%20Impacts%20Everything%201f5afe52ef59800b89efd44181a84fa8.md), Blog post (../../OpenEd%20Market/4dc9011b086c410392982e6bbf2940ef/OpenEd%20Content%20Engine/Master%20Content%20Database/Blog%20post%201f5afe52ef598050815ccb4b6865583d.md), SAVVY LinkedIn (../../OpenEd%20Market/4dc9011b086c410392982e6bbf2940ef/OpenEd%20Content%20Engine/Master%20Content%20Database/SAVVY%20LinkedIn%201f5afe52ef59806284f7e10ae8644b6a.md), Clip 1: ""The 25-Minute Method That's 20X More Effective"" (../../OpenEd%20Market/4dc9011b086c410392982e6bbf2940ef/OpenEd%20Content%20Engine/Master%20Content%20Database/Clip%201%20The%2025-Minute%20Method%20That's%2020X%20More%20Effect%201f5afe52ef59806a826ad22368ec616f.md), Social post ideas (../../OpenEd%20Market/4dc9011b086c410392982e6bbf2940ef/OpenEd%20Content%20Engine/Master%20Content%20Database/Social%20post%20ideas%201f5afe52ef598079aa3ed3ae11303928.md), June 18 Daily - Savvy Learning (../../OpenEd%20Market/4dc9011b086c410392982e6bbf2940ef/OpenEd%20Content%20Engine/Master%20Content%20Database/June%2018%20Daily%20-%20Savvy%20Learning%20200afe52ef59802ea697c80c71cff2af.md)"
Teresa King on OpenEd Academy,,https://web.descript.com/fe8db5ff-d568-4d89-ac57-5f76ccfdc993/b774c?kind=video_project&lite=false,"Ela, Isaac, Matt",Not started,,,"May 16, 2025",,Done,https://riverside.fm/dashboard/studios/alexs-studio-LxwtO/recordings/14ad88fc-75a3-44cf-993d-3af12c6760be?share-token=cd6bdc72a180229529b5&content-shared=recording,,Done,Long Clips (Podcast/Podcast%20Master%20Calendar/Long%20Clips%2023aafe52ef5980558bc2de2faf7e5e04.md),,,"The Virtual School That Adapts To YOUR Child, Not The Other Way Around | OpenEd Academy (../../OpenEd%20Market/4dc9011b086c410392982e6bbf2940ef/OpenEd%20Content%20Engine/Master%20Content%20Database/The%20Virtual%20School%20That%20Adapts%20To%20YOUR%20Child,%20Not%20%201f5afe52ef59805e89bfe2dedd49cb02.md), Clip #1: The Buffet Approach (../../OpenEd%20Market/4dc9011b086c410392982e6bbf2940ef/OpenEd%20Content%20Engine/Master%20Content%20Database/Clip%20#1%20The%20Buffet%20Approach%201f5afe52ef598073b233e10fde511b34.md), Clip #3: The Trust Difference (../../OpenEd%20Market/4dc9011b086c410392982e6bbf2940ef/OpenEd%20Content%20Engine/Master%20Content%20Database/Clip%20#3%20The%20Trust%20Difference%201f5afe52ef5980e0805cd02d4cea1fcd.md), Clip #2: Real-Life Learning Credits (../../OpenEd%20Market/4dc9011b086c410392982e6bbf2940ef/OpenEd%20Content%20Engine/Master%20Content%20Database/Clip%20#2%20Real-Life%20Learning%20Credits%201f5afe52ef5980efa724c11375a0a7f1.md), NEwsletter (../../OpenEd%20Market/4dc9011b086c410392982e6bbf2940ef/OpenEd%20Content%20Engine/Master%20Content%20Database/NEwsletter%201f9afe52ef5980be8526c7e241abe35d.md)"
Kris Vassel - Dyslexia,,https://share.descript.com/view/WRreVEUq2mx,"Ela, Isaac, Matt",Not started,,,"May 19, 2025",,Done,https://riverside.fm/dashboard/studios/andreas-opened-pod/recordings/1f5dd365-9124-4d3f-945b-b82b3c66e1d4?share-token=c61bcb1fdad7805bdd12&content-shared=recording,,Done,Long Clips (Podcast/Podcast%20Master%20Calendar/Long%20Clips%2023aafe52ef598064b9f8fdcaad25f60c.md),OpenEd%20Daily/Podcast_Thumbnails_(3).png,,"Clip #3 - Why Kids Need 1,000 Exposures  (../../OpenEd%20Market/4dc9011b086c410392982e6bbf2940ef/OpenEd%20Content%20Engine/Master%20Content%20Database/Clip%20#3%20-%20Why%20Kids%20Need%201,000%20Exposures%20202afe52ef598014a7b6d5ac1ce9b28d.md), Clip #4 - The Second Person Theory (../../OpenEd%20Market/4dc9011b086c410392982e6bbf2940ef/OpenEd%20Content%20Engine/Master%20Content%20Database/Clip%20#4%20-%20The%20Second%20Person%20Theory%20202afe52ef598030ba82f8dd608cea0f.md), Clip #5 - Reading Is Rocket Science (../../OpenEd%20Market/4dc9011b086c410392982e6bbf2940ef/OpenEd%20Content%20Engine/Master%20Content%20Database/Clip%20#5%20-%20Reading%20Is%20Rocket%20Science%20202afe52ef59803db639fca4ed095ed0.md), Clip #2 - The Biggest Myth About Dyslexic Kids  (../../OpenEd%20Market/4dc9011b086c410392982e6bbf2940ef/OpenEd%20Content%20Engine/Master%20Content%20Database/Clip%20#2%20-%20The%20Biggest%20Myth%20About%20Dyslexic%20Kids%20202afe52ef5980439a5dec90a5b02916.md), Clip #1 - The Dyslexia Myth Buster (PRIMARY) (../../OpenEd%20Market/4dc9011b086c410392982e6bbf2940ef/OpenEd%20Content%20Engine/Master%20Content%20Database/Clip%20#1%20-%20The%20Dyslexia%20Myth%20Buster%20(PRIMARY)%20202afe52ef5980afa14be9088232787f.md), The Dyslexia Myths That Are Hurting Kids: What Every Parent Needs to Know (../../OpenEd%20Market/4dc9011b086c410392982e6bbf2940ef/OpenEd%20Content%20Engine/Master%20Content%20Database/The%20Dyslexia%20Myths%20That%20Are%20Hurting%20Kids%20What%20Ever%20202afe52ef5980e28980d3bb38fbfb33.md), Social Media Clip: The Emotional Cost of Waiting (../../OpenEd%20Market/4dc9011b086c410392982e6bbf2940ef/OpenEd%20Content%20Engine/Master%20Content%20Database/Social%20Media%20Clip%20The%20Emotional%20Cost%20of%20Waiting%2022aafe52ef59802091ccf593b953ef3c.md), Deep Dive Dyslexia (../../OpenEd%20Market/4dc9011b086c410392982e6bbf2940ef/OpenEd%20Content%20Engine/Master%20Content%20Database/Deep%20Dive%20Dyslexia%20246afe52ef59801a84c4c555e0f8fc14.md)"
Ken Coleman,,https://web.descript.com/7445d309-5eb2-4398-900a-99dec90a6b46/378de?kind=video_project&lite=false,,Not started,,,"May 30, 2025",,Done,https://riverside.fm/dashboard/studios/alexs-studio-LxwtO/recordings/f3823ccd-27be-458c-9370-38f06db8ef76?hls=true,,Done,Long Clips (Podcast/Podcast%20Master%20Calendar/Long%20Clips%2023aafe52ef598024bf56f4ff2824de7b.md),OpenEd%20Daily/Daily_Thumbnail_8_(1).png,,"Blog Post: ""7 Things Career Expert Ken Coleman Says Parents Get Wrong (And How to Fix Them)"" (../../OpenEd%20Market/4dc9011b086c410392982e6bbf2940ef/OpenEd%20Content%20Engine/Master%20Content%20Database/Blog%20Post%207%20Things%20Career%20Expert%20Ken%20Coleman%20Says%20%20206afe52ef598036a517e3c1f81471d0.md), Clip #2 (../../OpenEd%20Market/4dc9011b086c410392982e6bbf2940ef/OpenEd%20Content%20Engine/Master%20Content%20Database/Clip%20#2%20207afe52ef598076a64de699e5028ff9.md), Clip #3 (../../OpenEd%20Market/4dc9011b086c410392982e6bbf2940ef/OpenEd%20Content%20Engine/Master%20Content%20Database/Clip%20#3%20207afe52ef5980a5874afcab335422be.md), Clip #4 (../../OpenEd%20Market/4dc9011b086c410392982e6bbf2940ef/OpenEd%20Content%20Engine/Master%20Content%20Database/Clip%20#4%20207afe52ef5980bfbbdbed92cd92475e.md), Clip #5 (../../OpenEd%20Market/4dc9011b086c410392982e6bbf2940ef/OpenEd%20Content%20Engine/Master%20Content%20Database/Clip%20#5%20207afe52ef5980d0a3edc99c58881b39.md), Clip #1 (../../OpenEd%20Market/4dc9011b086c410392982e6bbf2940ef/OpenEd%20Content%20Engine/Master%20Content%20Database/Clip%20#1%20207afe52ef5980dfbfcce77be8cde27d.md)"
Meg Thomas Q&A,,,Isaac,Not started,,,,,Done,,,Done,Long Clips (Podcast/Podcast%20Master%20Calendar/Long%20Clips%2023aafe52ef5980bfac36c6f8e45d6e6d.md),,,Meg thomas (../../OpenEd%20Market/4dc9011b086c410392982e6bbf2940ef/OpenEd%20Content%20Engine/Master%20Content%20Database/Meg%20thomas%2020dafe52ef5980dc9f4ffc987d1ef1d5.md)
Katie Kimball - Cooking / Confidence,,https://web.descript.com/8b152425-0cab-4798-8dbc-d37db963a304,"Ela, Matt",Done,,,"May 19, 2025",,Done,https://riverside.fm/dashboard/studios/alexs-studio-LxwtO/recordings/6dad8273-7bad-405e-9e33-ff72b5ad1170?hls=true,,Done,Long Clips (Podcast/Podcast%20Master%20Calendar/Long%20Clips%2023aafe52ef59806e92d5d1584313f171.md),,,"Why anxiety is skyrocketing in kids (../../OpenEd%20Market/4dc9011b086c410392982e6bbf2940ef/OpenEd%20Content%20Engine/Master%20Content%20Database/Why%20anxiety%20is%20skyrocketing%20in%20kids%2020fafe52ef5980968e4ccefdb3d416ae.md), Create a family culture they can return to (../../OpenEd%20Market/4dc9011b086c410392982e6bbf2940ef/OpenEd%20Content%20Engine/Master%20Content%20Database/Create%20a%20family%20culture%20they%20can%20return%20to%20211afe52ef5980159994cb7e8f6a545c.md), Let them fail with low stakes first (../../OpenEd%20Market/4dc9011b086c410392982e6bbf2940ef/OpenEd%20Content%20Engine/Master%20Content%20Database/Let%20them%20fail%20with%20low%20stakes%20first%20211afe52ef5980388d75dbd2f541f74b.md), Building Confidence Through Cooking & Life Skills (../../OpenEd%20Market/4dc9011b086c410392982e6bbf2940ef/OpenEd%20Content%20Engine/Master%20Content%20Database/Building%20Confidence%20Through%20Cooking%20&%20Life%20Skills%2022aafe52ef59804d8d78cf6ca5f865d5.md), We Accidentally Created the Most Anxious Generation in History (Here's the Fix) (../../OpenEd%20Market/4dc9011b086c410392982e6bbf2940ef/OpenEd%20Content%20Engine/Master%20Content%20Database/We%20Accidentally%20Created%20the%20Most%20Anxious%20Generatio%2022aafe52ef598086b16de8d307517f06.md), Are you Helicopter Parenting without realizing? Try this instead... (../../OpenEd%20Market/4dc9011b086c410392982e6bbf2940ef/OpenEd%20Content%20Engine/Master%20Content%20Database/Are%20you%20Helicopter%20Parenting%20without%20realizing%20Try%2022bafe52ef5980dd8392f0da07a85dfe.md), Newsletter Kimball (../../OpenEd%20Market/4dc9011b086c410392982e6bbf2940ef/OpenEd%20Content%20Engine/Master%20Content%20Database/Newsletter%20Kimball%20233afe52ef598093bb3ce85f3a7abaf7.md)"
Michelle Rhee,,https://web.descript.com/b70fabcc-2df2-4b50-88c1-5424d45d83a4/9961b?editorVariant=default,"Ela, Isaac, Matt",Not started,,,,,Done,https://riverside.fm/dashboard/studios/alexs-studio-LxwtO/recordings/86ee4e81-d22d-4111-ba6a-971cf8725d80?hls=true,,Done,Long Clips (Podcast/Podcast%20Master%20Calendar/Long%20Clips%2023aafe52ef5980a2a05df4b8b8731dc2.md),,,"Clip #1: The Looping Innovation (../../OpenEd%20Market/4dc9011b086c410392982e6bbf2940ef/OpenEd%20Content%20Engine/Master%20Content%20Database/Clip%20#1%20The%20Looping%20Innovation%20214afe52ef598068b2b3f1b0d5fe90fe.md), Clip #2: The Homework Contradiction (../../OpenEd%20Market/4dc9011b086c410392982e6bbf2940ef/OpenEd%20Content%20Engine/Master%20Content%20Database/Clip%20#2%20The%20Homework%20Contradiction%20214afe52ef5980ac8a74fbd4f2f7e456.md), Clip #3: The Private vs. Public School Reality Check (../../OpenEd%20Market/4dc9011b086c410392982e6bbf2940ef/OpenEd%20Content%20Engine/Master%20Content%20Database/Clip%20#3%20The%20Private%20vs%20Public%20School%20Reality%20Check%20214afe52ef5980d38626d67c8597fdd1.md), Michelle Rhee Blog Post (../../OpenEd%20Market/4dc9011b086c410392982e6bbf2940ef/OpenEd%20Content%20Engine/Master%20Content%20Database/Michelle%20Rhee%20Blog%20Post%20222afe52ef5980a9879fee8bf1958a33.md), They Ate me for lunch (../../OpenEd%20Market/4dc9011b086c410392982e6bbf2940ef/OpenEd%20Content%20Engine/Master%20Content%20Database/They%20Ate%20me%20for%20lunch%2022bafe52ef598024a7c7fbd5d013467b.md), Socials for michelle (../../OpenEd%20Market/4dc9011b086c410392982e6bbf2940ef/OpenEd%20Content%20Engine/Master%20Content%20Database/Socials%20for%20michelle%2022dafe52ef5980229d94c22f88a79744.md), VR Education (../../OpenEd%20Market/4dc9011b086c410392982e6bbf2940ef/OpenEd%20Content%20Engine/Master%20Content%20Database/VR%20Education%2022dafe52ef5980a69d1fc4745488d7a3.md)"
Corey DeAngelis - School Choice,,https://web.descript.com/5588a6df-e5f2-4be7-852e-18d74f6a3b07/feb52?editorVariant=default,"Charlie, Isaac, Matt",Not started,,,,,Done,https://riverside.fm/dashboard/studios/alexs-studio-LxwtO/recordings/7f7a1448-c310-4a9f-a085-66b747b993a6?hls=true,,Done,Long Clips (Podcast/Podcast%20Master%20Calendar/Long%20Clips%2023aafe52ef59803b9c25fb7688fe5471.md),,,"Corey DeAngelis - Social Media Package (../../OpenEd%20Market/4dc9011b086c410392982e6bbf2940ef/OpenEd%20Content%20Engine/Master%20Content%20Database/Corey%20DeAngelis%20-%20Social%20Media%20Package%20253afe52ef5980149afee60a8963e82b.md), Corey DeAngelis - Blog Post Package (../../OpenEd%20Market/4dc9011b086c410392982e6bbf2940ef/OpenEd%20Content%20Engine/Master%20Content%20Database/Corey%20DeAngelis%20-%20Blog%20Post%20Package%20253afe52ef5980229782deace1356340.md), Corey DeAngelis - Youtube Package (../../OpenEd%20Market/4dc9011b086c410392982e6bbf2940ef/OpenEd%20Content%20Engine/Master%20Content%20Database/Corey%20DeAngelis%20-%20Youtube%20Package%20253afe52ef59805cbb11e73e595f0434.md)"
"Darryll Stinson - Hybrid Schooling / Motivation ",,https://web.descript.com/a34cf19b-3e2d-4fcc-b99c-b850c45a7c9f/08684?editorVariant=default,Matt,Done,,,,,Done,https://riverside.fm/dashboard/studios/alexs-studio-LxwtO/recordings/195c4b9d-9d71-42c8-be5e-e8025e119f9e?share-token=cd6bdc72a180229529b5&content-shared=recording,,Done,Long Clips (Podcast/Podcast%20Master%20Calendar/Long%20Clips%2023aafe52ef59802f94f0d44e61817ef6.md),,,"LONG CLIP #1 - ""This dude’s trying to get my kids expelled” (../../OpenEd%20Market/4dc9011b086c410392982e6bbf2940ef/OpenEd%20Content%20Engine/Master%20Content%20Database/LONG%20CLIP%20#1%20-%20This%20dude%E2%80%99s%20trying%20to%20get%20my%20kids%20e%2022bafe52ef59801c8626c83c6276cf45.md), His Kids Skipped School for 100 Days. Here’s what happened. (../../OpenEd%20Market/4dc9011b086c410392982e6bbf2940ef/OpenEd%20Content%20Engine/Master%20Content%20Database/His%20Kids%20Skipped%20School%20for%20100%20Days%20Here%E2%80%99s%20what%20h%2022bafe52ef59803f90d9fe84cff18af0.md), LONG CLIP #2 -  (../../OpenEd%20Market/4dc9011b086c410392982e6bbf2940ef/OpenEd%20Content%20Engine/Master%20Content%20Database/LONG%20CLIP%20#2%20-%2022bafe52ef59807e8f58ff4b226bf071.md), What happens when kids miss over 100 days of school (../../OpenEd%20Market/4dc9011b086c410392982e6bbf2940ef/OpenEd%20Content%20Engine/Master%20Content%20Database/What%20happens%20when%20kids%20miss%20over%20100%20days%20of%20schoo%2022dafe52ef5980198f53f38a8d332377.md), OpenEd Daily Newsletter - July 31, 2025 (../../OpenEd%20Market/4dc9011b086c410392982e6bbf2940ef/OpenEd%20Content%20Engine/Master%20Content%20Database/OpenEd%20Daily%20Newsletter%20-%20July%2031,%202025%20241afe52ef59804fac68fc5b7d7b8978.md)"
"Amren, Malia, and Savanah Breinholt ",,,,Not started,,,,,Done,,,Done,Long Clips (Podcast/Podcast%20Master%20Calendar/Long%20Clips%2023aafe52ef5980958abaee7f21589bf3.md),,,
Benton Crane,,https://share.descript.com/view/pr91hkaoaSr,"Ela, Isaac, Matt",Done,,,,,Done,https://riverside.fm/dashboard/studios/alexs-studio-LxwtO/projects/685d6ff61bb32340e34c9b2d?share-token=cd6bdc72a180229529b5&content-shared=project,,Done,,,,"Blog Post Benton Crane (../../OpenEd%20Market/4dc9011b086c410392982e6bbf2940ef/OpenEd%20Content%20Engine/Master%20Content%20Database/Blog%20Post%20Benton%20Crane%20222afe52ef5980699c35da4552e856a2.md), SCRIPT FOR ""3 REASONS WHY ENTERTAINERS MAKE THE BEST MARKETERS"" (../../OpenEd%20Market/4dc9011b086c410392982e6bbf2940ef/OpenEd%20Content%20Engine/Master%20Content%20Database/SCRIPT%20FOR%203%20REASONS%20WHY%20ENTERTAINERS%20MAKE%20THE%20BES%20223afe52ef5980079ebfcb2c31dfa15a.md), The $100M Marketing Secret Nobody Talks About (../../OpenEd%20Market/4dc9011b086c410392982e6bbf2940ef/OpenEd%20Content%20Engine/Master%20Content%20Database/The%20$100M%20Marketing%20Secret%20Nobody%20Talks%20About%20223afe52ef59806a8d7ee80e1a759475.md), ""The Mistake That Started a World War: Young George Washington's Epic Failure"" (../../OpenEd%20Market/4dc9011b086c410392982e6bbf2940ef/OpenEd%20Content%20Engine/Master%20Content%20Database/The%20Mistake%20That%20Started%20a%20World%20War%20Young%20George%20%20223afe52ef59806bb92edc3f3bddd73f.md), YouTube (../../OpenEd%20Market/4dc9011b086c410392982e6bbf2940ef/OpenEd%20Content%20Engine/Master%20Content%20Database/YouTube%20223afe52ef5980ffac6ccea1afd5e708.md), NEwsletter (../../OpenEd%20Market/4dc9011b086c410392982e6bbf2940ef/OpenEd%20Content%20Engine/Master%20Content%20Database/NEwsletter%20224afe52ef5980ab9f95f78473726f8c.md)"
"Ray Ravaglia  ",,https://web.descript.com/84fdc514-2a66-4675-9c24-e95c53398b4b/6e066?editorVariant=default,"Ela, Matt",Not started,,,,,Done,https://riverside.fm/dashboard/studios/alexs-studio-LxwtO/recordings/9383a974-68f0-472f-808d-351558477def?share-token=cd6bdc72a180229529b5&content-shared=recording,,Done,Long Clips (Podcast/Podcast%20Master%20Calendar/Long%20Clips%2023aafe52ef5980559233e9db57ba5cd9.md),,,"Ray Ravaglia - Virtual School (../../OpenEd%20Market/4dc9011b086c410392982e6bbf2940ef/OpenEd%20Content%20Engine/Master%20Content%20Database/Ray%20Ravaglia%20-%20Virtual%20School%2024cafe52ef59807a9a3eca9a23afad32.md), Ray Ravaglia - YouTube Package (../../OpenEd%20Market/4dc9011b086c410392982e6bbf2940ef/OpenEd%20Content%20Engine/Master%20Content%20Database/Ray%20Ravaglia%20-%20YouTube%20Package%2024cafe52ef5980abafedcab9b7013067.md), Ray Ravaglia - Blog Post Package (../../OpenEd%20Market/4dc9011b086c410392982e6bbf2940ef/OpenEd%20Content%20Engine/Master%20Content%20Database/Ray%20Ravaglia%20-%20Blog%20Post%20Package%2024cafe52ef5980b78685e355c9bdb6c8.md), Ray Ravalgia - Newsletter Draft (../../OpenEd%20Market/4dc9011b086c410392982e6bbf2940ef/OpenEd%20Content%20Engine/Master%20Content%20Database/Ray%20Ravalgia%20-%20Newsletter%20Draft%20251afe52ef5980c3b647c4df212d7718.md), Clips (../../OpenEd%20Market/4dc9011b086c410392982e6bbf2940ef/OpenEd%20Content%20Engine/Master%20Content%20Database/Clips%20253afe52ef59801487dcf6517f0d6a81.md), Long Form (../../OpenEd%20Market/4dc9011b086c410392982e6bbf2940ef/OpenEd%20Content%20Engine/Master%20Content%20Database/Long%20Form%20253afe52ef59803eafd5c51e9fcdb33f.md), Ray Ravalgia -  Social Media Package (../../OpenEd%20Market/4dc9011b086c410392982e6bbf2940ef/OpenEd%20Content%20Engine/Master%20Content%20Database/Ray%20Ravalgia%20-%20Social%20Media%20Package%20253afe52ef5980eba674c92042462b6d.md)"
Michelle Rhee and Michael Horn,,https://web.descript.com/2ec09835-51bf-41fd-bbf8-89d57c681a88/c55d9?kind=video_project&lite=false,Isaac,Done,,,,,Done,https://riverside.fm/dashboard/studios/alexs-studio-LxwtO/projects/6871519d6be17a4e9509a2cf?activeTab=recordings&hls=true,,Done,Long Clips (Podcast/Podcast%20Master%20Calendar/Long%20Clips%2023aafe52ef598056a193f66d513731ac.md),,,"LONG CLIP #2 — “How to help kids build confidence and find meaningful work” (../../OpenEd%20Market/4dc9011b086c410392982e6bbf2940ef/OpenEd%20Content%20Engine/Master%20Content%20Database/LONG%20CLIP%20#2%20%E2%80%94%20%E2%80%9CHow%20to%20help%20kids%20build%20confidence%20%20239afe52ef598077af10d638e72bcc56.md), LONG CLIP #1 — “Why college is no longer the guaranteed path to success” (../../OpenEd%20Market/4dc9011b086c410392982e6bbf2940ef/OpenEd%20Content%20Engine/Master%20Content%20Database/LONG%20CLIP%20#1%20%E2%80%94%20%E2%80%9CWhy%20college%20is%20no%20longer%20the%20guara%20239afe52ef5980aa93f2eb1bbb3653a1.md), LONG CLIP #3 — “Why teens jump jobs—and what they’re really looking for” (../../OpenEd%20Market/4dc9011b086c410392982e6bbf2940ef/OpenEd%20Content%20Engine/Master%20Content%20Database/LONG%20CLIP%20#3%20%E2%80%94%20%E2%80%9CWhy%20teens%20jump%20jobs%E2%80%94and%20what%20they%E2%80%99%20239afe52ef5980bc82b4e6395c859dd6.md), Why ""Good"" Parents Are Accidentally Raising Weak Kids (../../OpenEd%20Market/4dc9011b086c410392982e6bbf2940ef/OpenEd%20Content%20Engine/Master%20Content%20Database/Why%20Good%20Parents%20Are%20Accidentally%20Raising%20Weak%20Kid%20248afe52ef5980cea299f3972dc8de21.md), Clip 1 (../../OpenEd%20Market/4dc9011b086c410392982e6bbf2940ef/OpenEd%20Content%20Engine/Master%20Content%20Database/Clip%201%20249afe52ef598059abc3c8e7ba45d138.md), Michelle Rhee/Michael Horn podcast assets (../../OpenEd%20Market/4dc9011b086c410392982e6bbf2940ef/OpenEd%20Content%20Engine/Master%20Content%20Database/Michelle%20Rhee%20Michael%20Horn%20podcast%20assets%2024eafe52ef59800d82e5e4ee32b95d28.md), Subject: College is broken (here’s what replaces it) (../../OpenEd%20Market/4dc9011b086c410392982e6bbf2940ef/OpenEd%20Content%20Engine/Master%20Content%20Database/Subject%20College%20is%20broken%20(here%E2%80%99s%20what%20replaces%20it%2024eafe52ef598099a214dfb0bc147674.md), Michelle Rhee assets (../../OpenEd%20Market/4dc9011b086c410392982e6bbf2940ef/OpenEd%20Content%20Engine/Master%20Content%20Database/Michelle%20Rhee%20assets%2024fafe52ef5980eab12ee7d435588c22.md)"
Meg Thomas,,https://web.descript.com/b95fe146-53d3-4963-bb57-63e3735a4240?editorVariant=default,"Ela, Isaac, Matt",Not started,,,,,Done,https://opened-co.zoom.us/rec/share/JBtgC_DC5IDWvE1A1psSWJ7-w9OiIb5Dz2Xhobi8A-RIwgT6creUw__gfDzkbBsL.t8IINAaknPJPcyxb?startTime=1752197077000,,Done,Long Clips (Podcast/Podcast%20Master%20Calendar/Long%20Clips%2023aafe52ef5980c29020f2736a52755c.md),,,How to Start Homeschooling With Confidence (Even If You're Scared or New) (../../OpenEd%20Market/4dc9011b086c410392982e6bbf2940ef/OpenEd%20Content%20Engine/Master%20Content%20Database/How%20to%20Start%20Homeschooling%20With%20Confidence%20(Even%20I%2020eafe52ef598052b0bbfd5839731502.md)
Long Clip,,,Ela,Not started,Sunny (Podcast/Podcast%20Master%20Calendar/Sunny%20720a1ca6a79c4f668f6f5193908b3d43.md),,,,Not started,,,Not started,,,,
Long Clips,,,"Ela, Isaac, Matt",Not started,Daniella Park - Baketivity (Podcast/Podcast%20Master%20Calendar/Daniella%20Park%20-%20Baketivity%2060a0a484db16430e8425a9a753c5087b.md),,,,Not started,,,Not started,,,,
Long Clips,,,"Ela, Isaac",Not started,007 - Ela & Isaac (Podcast/Podcast%20Master%20Calendar/007%20-%20Ela%20&%20Isaac%20793f077e2d8346b888af463be33c9c12.md),,,,Not started,,,Not started,,,,
Long Clips,,,"Ela, Isaac",Not started,Charlynn Chambers (Podcast/Podcast%20Master%20Calendar/Charlynn%20Chambers%2010bafe52ef598070a972d229e319694d.md),,,,Not started,,,Not started,,,,
Long Clips,,,Isaac,Not started,Jamie Lesko (Podcast/Podcast%20Master%20Calendar/Jamie%20Lesko%2010bafe52ef598041a164fd7a01a7ac04.md),,,,Not started,,,Not started,,,,
Long Clips,,,,Not started,Q&A Matt Isaac ft. Andrea (Podcast/Podcast%20Master%20Calendar/Q&A%20Matt%20Isaac%20ft%20Andrea%20130afe52ef5980e19efed78938c9ddbc.md),,,,Not started,,,Not started,,,,
Long Clips,,,"Ela, Isaac, Matt",Not started,Sandy Grant (Podcast/Podcast%20Master%20Calendar/Sandy%20Grant%2010bafe52ef5980b5a928f25942008a76.md),,,,Not started,,,Not started,,,,
Long Clip,,,"Ela, Isaac, Matt",Not started,Cassie Shepherd (Podcast/Podcast%20Master%20Calendar/Cassie%20Shepherd%2010dafe52ef598018b014d68ab3f6e2e0.md),,,,Not started,,,Not started,,,,
Long Clips,,,"Ela, Isaac, Matt",Not started,Keri Mae (Podcast/Podcast%20Master%20Calendar/Keri%20Mae%2010dafe52ef5980918568fff525d44659.md),,,,Not started,,,Not started,,,,
Long Clips,,,Ela,Not started,Peggy Lowe (Podcast/Podcast%20Master%20Calendar/Peggy%20Lowe%20135afe52ef59805895f3f79f4d106752.md),,,,Not started,,,Not started,,,,
Long Clips,,,Ela,Not started,Laura Feller (Podcast/Podcast%20Master%20Calendar/Laura%20Feller%20135afe52ef598091a5b4fa292959c612.md),,,,Not started,,,Not started,,,,
Long Clips,,,"Ela, Isaac, Matt",Not started,Elle Tevebaugh (Podcast/Podcast%20Master%20Calendar/Elle%20Tevebaugh%20135afe52ef5980298eb0c19baaa92d91.md),,,,Not started,,,Not started,,,,
Long Clips,,,"Ela, Isaac",Not started,Eleyah Knight (Podcast/Podcast%20Master%20Calendar/Eleyah%20Knight%20135afe52ef598065b3cac6ebf9ac7372.md),,,,Not started,,,Not started,,,,
Long Clips,,,Isaac,Not started,Derrell Bradford (Podcast/Podcast%20Master%20Calendar/Derrell%20Bradford%20114afe52ef59804a92a9e8947741f7bd.md),,,,Not started,,,Not started,,,,
Long Clips,,,Isaac,Not started,Tyler Thigpen (Podcast/Podcast%20Master%20Calendar/Tyler%20Thigpen%20197afe52ef5980ddb594d5ee5a9a3446.md),,,,Not started,,,Not started,,,,
Long Clips,,,"Isaac, Matt",Not started,TK x Isaac x Ela - the weird episode (Podcast/Podcast%20Master%20Calendar/TK%20x%20Isaac%20x%20Ela%20-%20the%20weird%20episode%201b6afe52ef5980edac98ccf3ba435f9c.md),,,,Not started,,,Not started,,,,
Long Clips,,,"Isaac, Matt",Not started,Matt & Isaac Book Launch! (Podcast/Podcast%20Master%20Calendar/Matt%20&%20Isaac%20Book%20Launch!%201f1afe52ef5980a1882de4aa75095ee6.md),,,,Not started,,,Not started,,,,
Long Clips,,,Isaac,Not started,Connor Boyack (Podcast/Podcast%20Master%20Calendar/Connor%20Boyack%201f5afe52ef5980d19e59d6383c6e82ad.md),,,,Not started,,,Not started,,,,
Long Clips,,,"Isaac, Matt",Not started,Ken Coleman (Podcast/Podcast%20Master%20Calendar/Ken%20Coleman%20203afe52ef59802894a7de0804e4b478.md),,,,Not started,,,Not started,,,,
Long Clips,,,"Andrea, Isaac, Matt",Not started,Rose Ybaben and Danielle Randall (Podcast/Podcast%20Master%20Calendar/Rose%20Ybaben%20and%20Danielle%20Randall%201eaafe52ef59802bb342f63fdda17bfb.md),,,,Not started,,,Not started,,,,
Long Clips,,,"Ela, Isaac, Matt",Not started,Tony mickelson - Savvy Learning (Podcast/Podcast%20Master%20Calendar/Tony%20mickelson%20-%20Savvy%20Learning%201f5afe52ef5980ab9a19d8c677b923b1.md),,,,Not started,,,Not started,,,,
Long Clips,,,"Isaac, Matt",Not started,Michelle Rhee (Podcast/Podcast%20Master%20Calendar/Michelle%20Rhee%20212afe52ef598063b04fcbffa0e87ddb.md),,,,Not started,,,Not started,,,,
Long Clips,,,,Not started,Katie Kimball - Cooking / Confidence (Podcast/Podcast%20Master%20Calendar/Katie%20Kimball%20-%20Cooking%20Confidence%2020eafe52ef59806e97f6d76d3a419f50.md),,,,Not started,,,Not started,,,,
Long Clips,,,,Not started,Darryll Stinson - Hybrid Schooling / Motivation  (Podcast/Podcast%20Master%20Calendar/Darryll%20Stinson%20-%20Hybrid%20Schooling%20Motivation%20215afe52ef59806a9762d705e000c242.md),,,,Not started,,,Not started,,,,
Long Clips,,,,Not started,Meg Thomas (Podcast/Podcast%20Master%20Calendar/Meg%20Thomas%20230afe52ef5980cb9be8fc22777b2c10.md),,,,Not started,,,Not started,,,,
Long Clips,,,"Ela, Isaac, Matt",Not started,Zach Koon (Bottega University) (Podcast/Podcast%20Master%20Calendar/Zach%20Koon%20(Bottega%20University)%201cbafe52ef59802ebb68c982de7839e7.md),,,,Not started,,,Not started,,,,
Long Clips,,,"Andrea, Charlie, Isaac",Not started,Kris Vassel - Dyslexia (Podcast/Podcast%20Master%20Calendar/Kris%20Vassel%20-%20Dyslexia%201fbafe52ef5980e1b327deaf7fb28dd5.md),,,,Not started,,,Not started,,,,
Long Clips,,,Isaac,Not started,Chet and Fletch (Andrea) - Hands-on Filmmaking (Podcast/Podcast%20Master%20Calendar/Chet%20and%20Fletch%20(Andrea)%20-%20Hands-on%20Filmmaking%20317b9daa8d0e4da380b5701bbb48ff91.md),,,,Not started,,,Not started,,,,
Long Clips,,,"Ela, Matt",Not started,Ray Ravaglia   (Podcast/Podcast%20Master%20Calendar/Ray%20Ravaglia%2022aafe52ef5980bfacd0f6f255a54f0a.md),,,,Not started,,,Not started,,,,
Long Clips,,,"Isaac, Matt",Not started,Corey DeAngelis - School Choice (Podcast/Podcast%20Master%20Calendar/Corey%20DeAngelis%20-%20School%20Choice%20215afe52ef59803bb62bf95232ca1f61.md),,,,Not started,,,Not started,,,,
Long Clips,,,,Not started,Michelle Rhee and Michael Horn (Podcast/Podcast%20Master%20Calendar/Michelle%20Rhee%20and%20Michael%20Horn%2022aafe52ef5980db9bc4f2e9c40b216f.md),,,,Not started,,,Not started,,,,
Long Clips,,,,Not started,"Amren, Malia, and Savanah Breinholt  (Podcast/Podcast%20Master%20Calendar/Amren,%20Malia,%20and%20Savanah%20Breinholt%2021bafe52ef5980a89abdd8f62c44d760.md)",,,,Not started,,,Not started,,,,
Long Clips,,,,Not started,Meg Thomas Q&A (Podcast/Podcast%20Master%20Calendar/Meg%20Thomas%20Q&A%2020dafe52ef5980cd9a9ed755f33ed26d.md),,,,Not started,,,Not started,,,,
Long Clips,,,"Ela, Isaac, Matt",Not started,Teresa King on OpenEd Academy (Podcast/Podcast%20Master%20Calendar/Teresa%20King%20on%20OpenEd%20Academy%201f5afe52ef59803fa1b5d86d30f9eb6e.md),,,,Not started,,,Not started,,,,
Long Clips,,,Isaac,Not started,Jack Casdorph and Rachel Davie (Podcast/Podcast%20Master%20Calendar/Jack%20Casdorph%20and%20Rachel%20Davie%201ddafe52ef5980aab58fdd3798acfb63.md),,,,Not started,,,Not started,,,,
Long Clips,,,"Ela, Isaac",Not started,Amir Nathoo (Podcast/Podcast%20Master%20Calendar/Amir%20Nathoo%201daafe52ef5980238e8ddec2b1d99b01.md),,,,Not started,,,Not started,,,,
Long Clips,,,"Ela, Matt",Not started,Cassie (Podcast/Podcast%20Master%20Calendar/Cassie%201c9afe52ef59803186e4ecc820148309.md),,,,Not started,,,Not started,,,,
Long Clips,,,,Not started,Phillip Chipping (Podcast/Podcast%20Master%20Calendar/Phillip%20Chipping%201c7afe52ef5980869e1af94519694809.md),,,,Not started,,,Not started,,,,
Long Clips,,,"Charlie, Isaac",Not started,Chizick (Podcast/Podcast%20Master%20Calendar/Chizick%201baafe52ef5980efada1c867fbc06308.md),,,,Not started,,,Not started,,,,
Long Clips,,,"Ela, Isaac",Not started,Maecy & ELa (Podcast/Podcast%20Master%20Calendar/Maecy%20&%20ELa%201b6afe52ef5980c6bfb7cafc6c311569.md),,,,Not started,,,Not started,,,,
Meg & Ela Long Clips,,,"Ela, Isaac, Matt",Not started,Meg & Ela (Podcast/Podcast%20Master%20Calendar/Meg%20&%20Ela%201acafe52ef59809eb702fe79ad1e3164.md),,,,Not started,,,Not started,,,,
Matt & Ela Q&A Long Clips,,,,Not started,Matt & Ela Q&A (Podcast/Podcast%20Master%20Calendar/Matt%20&%20Ela%20Q&A%20197afe52ef5980d48594c0d8062a5819.md),,,,Not started,,,Not started,,,,
Dalena Wallace Long Clips,,,"Ela, Isaac, Matt",Not started,Dalena Wallace (Podcast/Podcast%20Master%20Calendar/Dalena%20Wallace%20197afe52ef5980498048d52edbd95742.md),,,,Not started,,,Not started,,,,
Jennifer Jenkins Long Clips,,,Charlie,Not started,Jennifer Jenkins (Podcast/Podcast%20Master%20Calendar/Jennifer%20Jenkins%2018bafe52ef5980e786c2fb1483bc7ddd.md),,,,Not started,,,Not started,,,,
Matt Barnes & Matt Bowman Long Clips,,,Matt,Not started,Matt Barnes & Matt Bowman (Podcast/Podcast%20Master%20Calendar/Matt%20Barnes%20&%20Matt%20Bowman%20188afe52ef598042a069f8b927969b2c.md),,,,Not started,,,Not started,,,,
Andrew Campanella Long Clips,,,,Not started,Andrew Campanella (Podcast/Podcast%20Master%20Calendar/Andrew%20Campanella%20188afe52ef598053b14df0ea93866f3d.md),,,,Not started,,,Not started,,,,
Ben Kasica & Smallbone Long Clips,,,,Not started,Ben Kasica & Smallbone (Podcast/Podcast%20Master%20Calendar/Ben%20Kasica%20&%20Smallbone%2017eafe52ef598017a77de71f40291542.md),,,,Not started,,,Not started,,,,
Long Clips,,,,Not started,Grant Hewitt (Podcast/Podcast%20Master%20Calendar/Grant%20Hewitt%20168afe52ef5980969b3bc69a59c5d530.md),,,,Not started,,,Not started,,,,
Long Clips,,,,Not started,Jon England (Libertas Institute) (Podcast/Podcast%20Master%20Calendar/Jon%20England%20(Libertas%20Institute)%20e2c9edc809624e85b81389886b3c9421.md),,,,Not started,,,Not started,,,,
Long Clips,,,,Not started,Tess Scholl (Podcast/Podcast%20Master%20Calendar/Tess%20Scholl%20168afe52ef5980028326c8868029c168.md),,,,Not started,,,Not started,,,,
Long Clips,,,,Not started,(Draft) Brettani Shannon (Podcast/Podcast%20Master%20Calendar/(Draft)%20Brettani%20Shannon%20168afe52ef5980089934c364866e4544.md),,,,Not started,,,Not started,,,,
Long Clips,,,,Not started,Matt and Isaac Q&A (Podcast/Podcast%20Master%20Calendar/Matt%20and%20Isaac%20Q&A%20165afe52ef598054a8e5efaee96a018f.md),,,,Not started,,,Not started,,,,
Long Clips,,,,Not started,Claire Honeycutt (Podcast/Podcast%20Master%20Calendar/Claire%20Honeycutt%2015eafe52ef5980a895e0daad6780ac0b.md),,,,Not started,,,Not started,,,,
Matt Beadreau Long Clips,,,,Not started,Matt Beadreau (Podcast/Podcast%20Master%20Calendar/Matt%20Beadreau%20105afe52ef5980baa7d5f7f94f4b345d.md),,,,Not started,,,Not started,,,,
Q&A Matt & Isaac September Long Clips,,,,Not started,Q&A Matt & Isaac September (Podcast/Podcast%20Master%20Calendar/Q&A%20Matt%20&%20Isaac%20September%20104afe52ef59808f9214cee0bf74dd7d.md),,,,Not started,,,Not started,,,,
Long Clips,,,,Not started,Joey Mascio - Sidekick to Hero (Podcast/Podcast%20Master%20Calendar/Joey%20Mascio%20-%20Sidekick%20to%20Hero%20ba9c6c73774447e9a6c2bfb6b090b7ea.md),,,,Not started,,,Not started,,,,
Long Clips,,,,Not started,Nature Kids Connect (Podcast/Podcast%20Master%20Calendar/Nature%20Kids%20Connect%20f8bc029fb2464abaaece245bca5f8d75.md),,,,Not started,,,Not started,,,,
Long Clips,,,,Not started,Mark Hyatt - Falcon Aerolab (Podcast/Podcast%20Master%20Calendar/Mark%20Hyatt%20-%20Falcon%20Aerolab%20ce39859363294f028844ee5fe74a2869.md),,,,Not started,,,Not started,,,,
Long Clips,,,,Not started,Krystle Cordingley (Podcast/Podcast%20Master%20Calendar/Krystle%20Cordingley%204d6fb009789740959282f7e5e85a35c8.md),,,,Not started,,,Not started,,,,
Parent Long Clips,,,,Not started,005 - Andrea Fife (Podcast/Podcast%20Master%20Calendar/005%20-%20Andrea%20Fife%20a8de552c039a4a258fb4150450e32815.md),,,,Not started,,,Not started,,,,
Parent Long Clips,,,,Not started,002 - Matt & Isaac (Podcast/Podcast%20Master%20Calendar/002%20-%20Matt%20&%20Isaac%20191c8b423d424502a1923f4256cb60d0.md),,,,Not started,,,Not started,,,,
Parent Long Clips,,,,Not started,Heidie Nesset (Podcast/Podcast%20Master%20Calendar/Heidie%20Nesset%207db0469332444371962b5e1f0fb5334c.md),,,,Not started,,,Not started,,,,
Parent Long Clips,,,,Not started,Jantzen Russell (Independent Education Program) (Podcast/Podcast%20Master%20Calendar/Jantzen%20Russell%20(Independent%20Education%20Program)%203c587dcf9c924a93b2adbfde2e9ae6c3.md),,,,Not started,,,Not started,,,,
Parent Long Clips,,,,Not started,Jacob at Musiquest (Podcast/Podcast%20Master%20Calendar/Jacob%20at%20Musiquest%20d1a8e04a1e924b369d28a687244d95b4.md),,,,Not started,,,Not started,,,,
Parent Long Clips,,,,Not started,Zoe at Learn Libre (Podcast/Podcast%20Master%20Calendar/Zoe%20at%20Learn%20Libre%20149902611afe4596bf863cad7c03b094.md),,,,Not started,,,Not started,,,,
Parent Long Clips,,,,Not started,Brian Vas on SNHU (Podcast/Podcast%20Master%20Calendar/Brian%20Vas%20on%20SNHU%2056ef9893d393447590d2ed0e7be03a1f.md),,,,Not started,,,Not started,,,,
Parent Long Clips,,,,Not started,Classical Education - Great Hearts (Podcast/Podcast%20Master%20Calendar/Classical%20Education%20-%20Great%20Hearts%20f8d7ce01740a450bbba8a409b91edfec.md),,,,Not started,,,Not started,,,,
Hannah Frankman Long Clips,,,,Not started,006 - Hannah Frankman - Deschooling (Podcast/Podcast%20Master%20Calendar/006%20-%20Hannah%20Frankman%20-%20Deschooling%202e4eab571b0144bc897536e9fd154662.md),,,,Not started,,,Not started,,,,
Michael B. Horn Long Clips,,,,Not started,004 - Michael B. Horn on the Education Unbundling (Podcast/Podcast%20Master%20Calendar/004%20-%20Michael%20B%20Horn%20on%20the%20Education%20Unbundling%209bfc459c6b27453ea6c475372abb3604.md),,,,Not started,,,Not started,,,,
Matt Bowman & Isaac Long Clips,,,,Not started,001 Matt Bowman & Isaac  (Podcast/Podcast%20Master%20Calendar/001%20Matt%20Bowman%20&%20Isaac%2041bfc939fc8b4ac886bf60c723684fbe.md),,,,Not started,,,Not started,,,,
Corey DeAngelis Long Clips,,,,Not started,Corey DeAngelis on the Parent Revolution (Podcast/Podcast%20Master%20Calendar/Corey%20DeAngelis%20on%20the%20Parent%20Revolution%20985ec9f1a9db428eb521c6b193fff7b9.md),,,,Not started,,,Not started,,,,
Kerry McDonald Long Clips,,,,Not started,Kerry McDonald on Microschools (Podcast/Podcast%20Master%20Calendar/Kerry%20McDonald%20on%20Microschools%20af5afb9d47f84ee8a7931f5bb9904edf.md),,,,Not started,,,Not started,,,,
Cassie Shepherd Long Clips,,,,Not started,004 - Cassie Shepherd (Podcast/Podcast%20Master%20Calendar/004%20-%20Cassie%20Shepherd%20b4508ca627b54e3180d01a87572a4ff6.md),,,,Not started,,,Not started,,,,
Aaron Osmond Long Clips,,,,Not started,003 - Aaron Osmond - The truth about tech careers (Podcast/Podcast%20Master%20Calendar/003%20-%20Aaron%20Osmond%20-%20The%20truth%20about%20tech%20careers%20cace4286da494052914f4bc76e1b9fb6.md),,,,Not started,,,Not started,,,,
Emily Liebtag Long Clips,,,,Not started,Emily Liebtag on Learner-Centered Ecosystems (Podcast/Podcast%20Master%20Calendar/Emily%20Liebtag%20on%20Learner-Centered%20Ecosystems%20d7121ef83c6f41aaa3b1689e6a7da545.md),,,,Not started,,,Not started,,,,
Mike Goldstein,,https://share.descript.com/view/GviQHX1MbUB,"Ela, Isaac, Matt",Not started,,,,,Done,https://riverside.fm/dashboard/studios/alexs-studio-LxwtO/projects/6865663775f5b067d4a1460f?activeTab=recordings&hls=true,,Done,,,,"Mike Goldstein Episode - YouTube Package (../../OpenEd%20Market/4dc9011b086c410392982e6bbf2940ef/OpenEd%20Content%20Engine/Master%20Content%20Database/Mike%20Goldstein%20Episode%20-%20YouTube%20Package%2024cafe52ef59801db710d57e5afe3f75.md), Blog Post Package - Mike Goldstein (../../OpenEd%20Market/4dc9011b086c410392982e6bbf2940ef/OpenEd%20Content%20Engine/Master%20Content%20Database/Blog%20Post%20Package%20-%20Mike%20Goldstein%2024dafe52ef5980a88d8efd6d127b29d1.md), Newsletter Draft: Mike Goldstein Episode (../../OpenEd%20Market/4dc9011b086c410392982e6bbf2940ef/OpenEd%20Content%20Engine/Master%20Content%20Database/Newsletter%20Draft%20Mike%20Goldstein%20Episode%2024eafe52ef5980fb93e1ca33fbb16116.md), Mike Goldstein Social Media package (../../OpenEd%20Market/4dc9011b086c410392982e6bbf2940ef/OpenEd%20Content%20Engine/Master%20Content%20Database/Mike%20Goldstein%20Social%20Media%20package%20250afe52ef59803b912afd3c9ad23936.md)"
Jean Eddy,,https://web.descript.com/824cfc25-dbef-4cae-8df6-d402f177debe/9137b,Ela,Not started,,,,,Done,https://riverside.fm/dashboard/studios/alexs-studio-LxwtO/recordings/8f8587b5-5eee-4283-bdb8-605440d552e7?share-token=cd6bdc72a180229529b5&content-shared=recording,,Done,,,,"Jean Eddy Episode - YouTube Package (../../OpenEd%20Market/4dc9011b086c410392982e6bbf2940ef/OpenEd%20Content%20Engine/Master%20Content%20Database/Jean%20Eddy%20Episode%20-%20YouTube%20Package%2024cafe52ef5980c2aba2cc2d4d8fd0e8.md), Why Middle School Matters More Than College Prep: The Science Parents Are Missing - Jean Eddy (../../OpenEd%20Market/4dc9011b086c410392982e6bbf2940ef/OpenEd%20Content%20Engine/Master%20Content%20Database/Why%20Middle%20School%20Matters%20More%20Than%20College%20Prep%20T%20253afe52ef5980be8ebee7b6c4065ae4.md), Jean Eddy - Social Media Package (../../OpenEd%20Market/4dc9011b086c410392982e6bbf2940ef/OpenEd%20Content%20Engine/Master%20Content%20Database/Jean%20Eddy%20-%20Social%20Media%20Package%20253afe52ef5980bf9f10ed3f57d9c048.md)"
Kade Hinkle,,https://web.descript.com/1f957d7b-4ae0-48ef-a0bd-dc6b0f98857a/ebe1e?editorVariant=default,Isaac,Not started,,,,,Done,https://riverside.fm/dashboard/studios/alexs-studio-LxwtO/recordings/7a3ac5d1-ea3b-4c0f-a2a6-fb9ac1cf16e1?share-token=cd6bdc72a180229529b5&content-shared=recording,,Done,,,,"Kade Hinkle - Youtube Package (../../OpenEd%20Market/4dc9011b086c410392982e6bbf2940ef/OpenEd%20Content%20Engine/Master%20Content%20Database/Kade%20Hinkle%20-%20Youtube%20Package%20253afe52ef5980619d2dd60b5f717f46.md), Kade Hinkle - Social Media Package (../../OpenEd%20Market/4dc9011b086c410392982e6bbf2940ef/OpenEd%20Content%20Engine/Master%20Content%20Database/Kade%20Hinkle%20-%20Social%20Media%20Package%20253afe52ef5980e88586cf0c02ec88c1.md), Kade Hinkle - Newsletter Draft Package (../../OpenEd%20Market/4dc9011b086c410392982e6bbf2940ef/OpenEd%20Content%20Engine/Master%20Content%20Database/Kade%20Hinkle%20-%20Newsletter%20Draft%20Package%20253afe52ef5980fb866ffabb9f2dc7d7.md)"
Dave Hoffman,,https://web.descript.com/a25d8f62-4116-414a-b417-f6b636abfa73?kind=video_project&lite=false,"Ela, Isaac, Matt",Not started,,"November 6, 2025",,,Done,https://riverside.fm/dashboard/studios/alexs-studio-LxwtO/recordings/8c12ee62-8077-4b7f-b1fe-34beed1f2994?share-token=cd6bdc72a180229529b5&content-shared=recording,,Done,,,,"Dave Hoffman - Blog Post Package (../../OpenEd%20Market/4dc9011b086c410392982e6bbf2940ef/OpenEd%20Content%20Engine/Master%20Content%20Database/Dave%20Hoffman%20-%20Blog%20Post%20Package%20253afe52ef59800d8249c2b3bee99fe1.md), Dave Hoffman - Social Media Package (../../OpenEd%20Market/4dc9011b086c410392982e6bbf2940ef/OpenEd%20Content%20Engine/Master%20Content%20Database/Dave%20Hoffman%20-%20Social%20Media%20Package%20253afe52ef598010939fd42fa983cc9a.md), Dave Hoffman - Newsletter Draft Package (../../OpenEd%20Market/4dc9011b086c410392982e6bbf2940ef/OpenEd%20Content%20Engine/Master%20Content%20Database/Dave%20Hoffman%20-%20Newsletter%20Draft%20Package%20253afe52ef5980d4a71ec60db328f56a.md), Dave Hoffman - Youtube Package (../../OpenEd%20Market/4dc9011b086c410392982e6bbf2940ef/OpenEd%20Content%20Engine/Master%20Content%20Database/Dave%20Hoffman%20-%20Youtube%20Package%20253afe52ef5980da81e0c77190c624dc.md)"
Kristin & Ginger,,https://share.descript.com/view/vYZP8L17hgu,Ela,Not started,,,,,Done,https://riverside.fm/dashboard/studios/alexs-studio-LxwtO/recordings/f311d6df-a3c5-449a-941e-187ea6de84fb?share-token=cd6bdc72a180229529b5&content-shared=recording,,Done,,,https://youtu.be/hbOoHZOAYqo,"Kristin & Ginger - Youtube Package (../../OpenEd%20Market/4dc9011b086c410392982e6bbf2940ef/OpenEd%20Content%20Engine/Master%20Content%20Database/Kristin%20&%20Ginger%20-%20Youtube%20Package%20253afe52ef598040868dd92c40b693f4.md), Kristin & Ginger - Social Media Package (../../OpenEd%20Market/4dc9011b086c410392982e6bbf2940ef/OpenEd%20Content%20Engine/Master%20Content%20Database/Kristin%20&%20Ginger%20-%20Social%20Media%20Package%20253afe52ef59808187d4f23ad19c5a12.md), Kristin & Ginger - Blog Post Package (../../OpenEd%20Market/4dc9011b086c410392982e6bbf2940ef/OpenEd%20Content%20Engine/Master%20Content%20Database/Kristin%20&%20Ginger%20-%20Blog%20Post%20Package%20253afe52ef5980e19ac1d4ffc949bd57.md), The Lost Art of Play: What Two Teachers Discovered When They Stopped Managing Childhood (../../OpenEd%20Market/4dc9011b086c410392982e6bbf2940ef/OpenEd%20Content%20Engine/Master%20Content%20Database/The%20Lost%20Art%20of%20Play%20What%20Two%20Teachers%20Discovered%20%20253afe52ef5980e3b1cdf94ab92bf096.md)"
Chavilah and Charlie,,,Charlie,Not started,,,,,Done,,,Done,,,,
Janae Daniels,,https://web.descript.com/328ba280-a170-4586-9218-955dbaac8345/6ad5f?editorVariant=default,Ela,Not started,,,,,Done,https://riverside.fm/dashboard/studios/alexs-studio-LxwtO/recordings/a92b84f9-fdba-428a-8a1e-7820a15cc597?share-token=cd6bdc72a180229529b5&content-shared=recording,,Done,,,,"Janae Daniels - Social Media Package (../../OpenEd%20Market/4dc9011b086c410392982e6bbf2940ef/OpenEd%20Content%20Engine/Master%20Content%20Database/Janae%20Daniels%20-%20Social%20Media%20Package%2025aafe52ef5980859a88da73e8088446.md), Janae Daniels Podcast (../../OpenEd%20Market/4dc9011b086c410392982e6bbf2940ef/OpenEd%20Content%20Engine/Master%20Content%20Database/Janae%20Daniels%20Podcast%2025aafe52ef59808b8651c01751ffbbfa.md), Janae Daniels - Youtube Package (../../OpenEd%20Market/4dc9011b086c410392982e6bbf2940ef/OpenEd%20Content%20Engine/Master%20Content%20Database/Janae%20Daniels%20-%20Youtube%20Package%2025aafe52ef5980c2a31be7a7456c42d6.md)"
Michael Gibson,,https://share.descript.com/view/ohKxfOLqcw6,"Ela, Isaac, Matt",Not started,,,,,Done,https://riverside.fm/dashboard/studios/alexs-studio-LxwtO/projects/68b1ddc562250c50cf565e01?share-token=cd6bdc72a180229529b5&content-shared=project,,Done,,,,"Michael Gibson - YouTube Package (../../OpenEd%20Market/4dc9011b086c410392982e6bbf2940ef/OpenEd%20Content%20Engine/Master%20Content%20Database/Michael%20Gibson%20-%20YouTube%20Package%2025eafe52ef598093b580f0687f0f9649.md), Michael Gibson - Blog Post Package (../../OpenEd%20Market/4dc9011b086c410392982e6bbf2940ef/OpenEd%20Content%20Engine/Master%20Content%20Database/Michael%20Gibson%20-%20Blog%20Post%20Package%2025eafe52ef5980a19b22fdde079536f6.md), Michael Gibson - Social Media Package (../../OpenEd%20Market/4dc9011b086c410392982e6bbf2940ef/OpenEd%20Content%20Engine/Master%20Content%20Database/Michael%20Gibson%20-%20Social%20Media%20Package%2025eafe52ef5980b5b33af28fcff03b8d.md), OED - Thurs. Michael Gibson (../../OpenEd%20Market/4dc9011b086c410392982e6bbf2940ef/OpenEd%20Content%20Engine/Master%20Content%20Database/OED%20-%20Thurs%20Michael%20Gibson%2025eafe52ef5980e3a69fd6ac696138a2.md), Mike Gibson (../../OpenEd%20Market/4dc9011b086c410392982e6bbf2940ef/OpenEd%20Content%20Engine/Master%20Content%20Database/Mike%20Gibson%20264afe52ef5980bfb6ecdc5dd3dba13c.md)"
Kenneth Danford,,https://web.descript.com/f2d0c580-345d-4923-9736-f6ccf93c66d9?kind=video_project&lite=false,"Ela, Isaac, Matt",Not started,,"October 30, 2025",,,Done,https://riverside.fm/dashboard/studios/alexs-studio-LxwtO/recordings/24f53e3d-ed45-4b2a-adb0-5eb0ddc58374?share-token=cd6bdc72a180229529b5&content-shared=recording,,Done,,OpenEd%20Daily/Kenneth_Danford.png,,"Kenneth Danford - Newsletter Draft Package (../../OpenEd%20Market/4dc9011b086c410392982e6bbf2940ef/OpenEd%20Content%20Engine/Master%20Content%20Database/Kenneth%20Danford%20-%20Newsletter%20Draft%20Package%20262afe52ef59807eae52e6f9f78d7772.md), Ken Danford — YouTube & Show Notes (../../OpenEd%20Market/4dc9011b086c410392982e6bbf2940ef/OpenEd%20Content%20Engine/Master%20Content%20Database/Ken%20Danford%20%E2%80%94%20YouTube%20&%20Show%20Notes%20278afe52ef59806fa72dc19766971a4b.md), Blog Post Package (../../OpenEd%20Market/4dc9011b086c410392982e6bbf2940ef/OpenEd%20Content%20Engine/Master%20Content%20Database/Blog%20Post%20Package%20299afe52ef59803eb19ad7956d451ca0.md)"
Kerry Owen,,https://web.descript.com/6480f8a6-16fc-4bfa-9ad4-52c2a2a62aa1/725b8?kind=video_project&lite=false,"Ela, Matt",Not started,,"October 16, 2025",,,Done,https://riverside.fm/dashboard/studios/alexs-studio-LxwtO/projects/68c4816baa15a8650ca37e92?activeTab=recordings&hls=true,,Done,,,,"Kerry Owens - YouTube Package (../../OpenEd%20Market/4dc9011b086c410392982e6bbf2940ef/OpenEd%20Content%20Engine/Master%20Content%20Database/Kerry%20Owens%20-%20YouTube%20Package%2026fafe52ef5980779dd6df7b01315f46.md), Kerry Owens - Newsletter Draft Package (../../OpenEd%20Market/4dc9011b086c410392982e6bbf2940ef/OpenEd%20Content%20Engine/Master%20Content%20Database/Kerry%20Owens%20-%20Newsletter%20Draft%20Package%2026fafe52ef5980d1aca2ce6a7eccd215.md), Kerry Owens - Social Media  Package (../../OpenEd%20Market/4dc9011b086c410392982e6bbf2940ef/OpenEd%20Content%20Engine/Master%20Content%20Database/Kerry%20Owens%20-%20Social%20Media%20Package%2026fafe52ef5980d880e4f7570089997a.md), Blog Post Package (../../OpenEd%20Market/4dc9011b086c410392982e6bbf2940ef/OpenEd%20Content%20Engine/Master%20Content%20Database/Blog%20Post%20Package%20278afe52ef5980448ebcd44d91fadceb.md)"
Anjan Katta,,https://web.descript.com/9a039245-2b38-4f21-9cb5-422b71e3a05a/0e8eb?editorVariant=default,"Ela, Isaac, Matt",Not started,,"October 9, 2025",,,Not started,https://riverside.fm/dashboard/studios/alexs-studio-LxwtO/recordings/eae2a1b5-e643-475d-90f9-f696c14d7070?share-token=cd6bdc72a180229529b5&content-shared=recording,,Done,,,,"Anjan Katta Podcast (../../OpenEd%20Market/4dc9011b086c410392982e6bbf2940ef/OpenEd%20Content%20Engine/Master%20Content%20Database/Anjan%20Katta%20Podcast%2027eafe52ef59805bbec3da015c9d845e.md), Anjan Kata - Clips & Social Rollout Package (../../OpenEd%20Market/4dc9011b086c410392982e6bbf2940ef/OpenEd%20Content%20Engine/Master%20Content%20Database/Anjan%20Kata%20-%20Clips%20&%20Social%20Rollout%20Package%2027eafe52ef5980d791b6fe3d8502873d.md), Anjan Katta (../../OpenEd%20Market/4dc9011b086c410392982e6bbf2940ef/OpenEd%20Content%20Engine/Master%20Content%20Database/Anjan%20Katta%20281afe52ef598075be68f5cf8ecb3078.md)"
Ben Somers,,https://web.descript.com/f081bf7b-bc7f-448d-871d-4c7e79580205,,Not started,,"October 23, 2025",,,Not started,https://riverside.fm/dashboard/studios/alexs-studio-LxwtO/recordings/a48ccbee-b484-4d00-b981-5565518e36eb?share-token=cd6bdc72a180229529b5&content-shared=recording,,Done,,,,"YouTube Package (../../OpenEd%20Market/4dc9011b086c410392982e6bbf2940ef/OpenEd%20Content%20Engine/Master%20Content%20Database/YouTube%20Package%2027eafe52ef5980f6be2efde372d01c03.md), Social Media Package (../../OpenEd%20Market/4dc9011b086c410392982e6bbf2940ef/OpenEd%20Content%20Engine/Master%20Content%20Database/Social%20Media%20Package%2027eafe52ef59805f80f8fcd2df30dd0f.md), Untitled (../../OpenEd%20Market/4dc9011b086c410392982e6bbf2940ef/OpenEd%20Content%20Engine/Master%20Content%20Database/Untitled%20289afe52ef5980bfb3b4c5edb4fb6992.md), Ben Somers Daily + Blog (../../OpenEd%20Market/4dc9011b086c410392982e6bbf2940ef/OpenEd%20Content%20Engine/Master%20Content%20Database/Ben%20Somers%20Daily%20+%20Blog%20289afe52ef59800ea5e8ccabccc19152.md)"
Amy Moore,,https://share.descript.com/view/Hv3PFR0qowB,,Not started,,"November 13, 2025",,,Not started,,,Done,,,,"Dr. Amy Moore - YouTube & Show Notes (../../OpenEd%20Market/4dc9011b086c410392982e6bbf2940ef/OpenEd%20Content%20Engine/Master%20Content%20Database/Dr%20Amy%20Moore%20-%20YouTube%20&%20Show%20Notes%202aaafe52ef5980c48041ebb610b0afbe.md), Blog Post Package (../../OpenEd%20Market/4dc9011b086c410392982e6bbf2940ef/OpenEd%20Content%20Engine/Master%20Content%20Database/Blog%20Post%20Package%202aaafe52ef5980f299a5f8c87fac9b55.md), Amy Moore - Name it to Tame it (../../OpenEd%20Market/4dc9011b086c410392982e6bbf2940ef/OpenEd%20Content%20Engine/Master%20Content%20Database/Amy%20Moore%20-%20Name%20it%20to%20Tame%20it%202abafe52ef59808b8ddadec310e97d17.md)"
Peter Gray,,https://share.descript.com/view/JsdqTyGMbGC,,Not started,,"November 20, 2025",,,Not started,https://drive.google.com/drive/folders/1v91xTAsxt6PVmhpWiftUsAWAy7Ht6aah?usp=drive_link,,Done,,,,"Peter Gray Podcast (../../OpenEd%20Market/4dc9011b086c410392982e6bbf2940ef/OpenEd%20Content%20Engine/Master%20Content%20Database/Peter%20Gray%20Podcast%202acafe52ef5980cb843ccd96e234607e.md), CLIP 3: Why We Blame the Wrong Thing (../../OpenEd%20Market/4dc9011b086c410392982e6bbf2940ef/OpenEd%20Content%20Engine/Master%20Content%20Database/CLIP%203%20Why%20We%20Blame%20the%20Wrong%20Thing%202afafe52ef59800f8a95dc6c710b8953.md), CLIP 2: Computer Games Are Real Play (../../OpenEd%20Market/4dc9011b086c410392982e6bbf2940ef/OpenEd%20Content%20Engine/Master%20Content%20Database/CLIP%202%20Computer%20Games%20Are%20Real%20Play%202afafe52ef5980a59e93dd1593299368.md), CLIP 1: School as a Measuring Stick (../../OpenEd%20Market/4dc9011b086c410392982e6bbf2940ef/OpenEd%20Content%20Engine/Master%20Content%20Database/CLIP%201%20School%20as%20a%20Measuring%20Stick%202afafe52ef598058b221f6fb0292f50f.md)"
Deborah Pratt,,https://web.descript.com/a5b98c6c-4cf3-4330-9568-70f10f6161bf/e190b?editorVariant=default,,Not started,,"December 4, 2025",,,Not started,https://riverside.fm/dashboard/studios/opened-podcast---ela/projects/68e02c7cb7a159dfdb953f64,,Done,,,,"Deborah Pratt - YouTube Show Notes (../../OpenEd%20Market/4dc9011b086c410392982e6bbf2940ef/OpenEd%20Content%20Engine/Master%20Content%20Database/Deborah%20Pratt%20-%20YouTube%20Show%20Notes%202a0afe52ef5980a1a45fee25f50ea5c0.md), Deborah Pratt Newsletter (../../OpenEd%20Market/4dc9011b086c410392982e6bbf2940ef/OpenEd%20Content%20Engine/Master%20Content%20Database/Deborah%20Pratt%20Newsletter%202bdafe52ef5980bf88f6fdc9473ca406.md), The 1 subject that lights up your brain (../../OpenEd%20Market/4dc9011b086c410392982e6bbf2940ef/OpenEd%20Content%20Engine/Master%20Content%20Database/The%201%20subject%20that%20lights%20up%20your%20brain%202beafe52ef5980db82deec96a67d8d00.md), this is what your kid will regret (../../OpenEd%20Market/4dc9011b086c410392982e6bbf2940ef/OpenEd%20Content%20Engine/Master%20Content%20Database/this%20is%20what%20your%20kid%20will%20regret%202beafe52ef598054abe6f4da4adb488a.md)"
Brenna Clarke Gray,,https://share.descript.com/view/k37IDLxMSgu,,Not started,,"November 5, 2025",,,Not started,https://riverside.fm/dashboard/studios/opened-podcast---ela/projects/68f134f777831088bbbc27f4?share-token=6140fc8dd4bb71e356e9&content-shared=project,,Done,,,,"Brenna Blog Post Package (../../OpenEd%20Market/4dc9011b086c410392982e6bbf2940ef/OpenEd%20Content%20Engine/Master%20Content%20Database/Brenna%20Blog%20Post%20Package%202a0afe52ef5980d497c7c0008d66987c.md), Brenna Clarke Gray — YouTube & Show Notes (../../OpenEd%20Market/4dc9011b086c410392982e6bbf2940ef/OpenEd%20Content%20Engine/Master%20Content%20Database/Brenna%20Clarke%20Gray%20%E2%80%94%20YouTube%20&%20Show%20Notes%202a0afe52ef5980cdbda3e07f3f5fa36c.md), Clips & Socials - Brenna (../../OpenEd%20Market/4dc9011b086c410392982e6bbf2940ef/OpenEd%20Content%20Engine/Master%20Content%20Database/Clips%20&%20Socials%20-%20Brenna%202a0afe52ef59801a8271ceaf8511ecec.md)"
Jean Lee,,https://web.descript.com/312a1d90-5335-4f43-808f-38079960d893,,Not started,,"November 27, 2025",,,Not started,https://riverside.fm/dashboard/studios/alexs-studio-LxwtO/recordings/547ac21f-2133-4ac0-83d1-4e6d98fd6ff1?share-token=cd6bdc72a180229529b5&content-shared=recording,,Done,,,,"Jean Lee Podcast (../../OpenEd%20Market/4dc9011b086c410392982e6bbf2940ef/OpenEd%20Content%20Engine/Master%20Content%20Database/Jean%20Lee%20Podcast%202b1afe52ef5980b09836dbe89759e372.md), Clip 1 – “Deschooling Becomes No Schooling” (The Hook) (../../OpenEd%20Market/4dc9011b086c410392982e6bbf2940ef/OpenEd%20Content%20Engine/Master%20Content%20Database/Clip%201%20%E2%80%93%20%E2%80%9CDeschooling%20Becomes%20No%20Schooling%E2%80%9D%20(The%20H%202b1afe52ef5980b2a8a4d6927356a1df.md)"
Sandra Zamalis,,,,Not started,,,"December 30, 2025",,Not started,,,Scheduled,,,,"Sandra Zamalis Podcast / YouTube / Blog (../../OpenEd%20Market/4dc9011b086c410392982e6bbf2940ef/OpenEd%20Content%20Engine/Master%20Content%20Database/Sandra%20Zamalis%20Podcast%20YouTube%20Blog%202bfafe52ef5980f88c9df2ba62a839fe.md), OED - Sandra Zamalis Podcast (../../OpenEd%20Market/4dc9011b086c410392982e6bbf2940ef/OpenEd%20Content%20Engine/Master%20Content%20Database/OED%20-%20Sandra%20Zamalis%20Podcast%202bfafe52ef5980b5a586c9c4c55172ee.md)"
Krisy Shaughnessy,,,,Not started,,,"December 12, 2025",,Not started,https://riverside.fm/dashboard/studios/alexs-studio-LxwtO/projects/693c822a318e9b725330579c?share-token=cd6bdc72a180229529b5&content-shared=project,,Recorded,,,,Krisy Shaughnessy Podcast / YouTube / Blog (../../OpenEd%20Market/4dc9011b086c410392982e6bbf2940ef/OpenEd%20Content%20Engine/Master%20Content%20Database/Krisy%20Shaughnessy%20Podcast%20YouTube%20Blog%202d1afe52ef598022b3dbef895d662227.md)
"Amy (@organicallyamy) ",,,,Not started,,,,,Not started,,,Scheduled,,,,
Jon England,,,,Not started,,,"March 11, 2026",,Not started,,,Scheduled,,,,
Amar Kumar,,,,Not started,,,"January 16, 2026",,Not started,,,Scheduled,,,,
Janssen Bradshaw,,,,Not started,,,"December 11, 2025",,Not started,https://riverside.fm/dashboard/studios/alexs-studio-LxwtO/recordings/c34d166b-9f9f-44e4-b2c6-f694900eb0a5?share-token=cd6bdc72a180229529b5&content-shared=recording,,Recorded,,,,Janssen Bradshaw Podcast / YouTube / Blog (../../OpenEd%20Market/4dc9011b086c410392982e6bbf2940ef/OpenEd%20Content%20Engine/Master%20Content%20Database/Janssen%20Bradshaw%20Podcast%20YouTube%20Blog%202c6afe52ef5980eb9dbfc0e27459e6dc.md)
Claire Honeycutt,,,,Not started,,,"January 23, 2026",,Not started,,,Scheduled,,,,
Gretchen Roe,,,,Not started,,,,,Not started,,,Scheduled,,,,
Dr. Laura Froyen,,,,Not started,,,"January 15, 2026",,Not started,,,Scheduled,,,,
Dalena Wallace,,,,Not started,,"December 18, 2025","December 9, 2025",,Not started,https://riverside.fm/dashboard/studios/alexs-studio-LxwtO/recordings/b08ec329-a28c-405d-82f5-a6cbb316e8ab?share-token=cd6bdc72a180229529b5&content-shared=recording,,Done,,,,"Dalena Podcast / YouTube / Blog (../../OpenEd%20Market/4dc9011b086c410392982e6bbf2940ef/OpenEd%20Content%20Engine/Master%20Content%20Database/Dalena%20Podcast%20YouTube%20Blog%202c4afe52ef59805ab9afdd78ef9bc28f.md), OED - Podcast Dalena Wallace (../../OpenEd%20Market/4dc9011b086c410392982e6bbf2940ef/OpenEd%20Content%20Engine/Master%20Content%20Database/OED%20-%20Podcast%20Dalena%20Wallace%202c6afe52ef59807dbf11d1b1f61a8110.md)"
Heather Malin,,,,Not started,,,"December 10, 2025",,Not started,https://riverside.fm/dashboard/studios/alexs-studio-LxwtO/projects/6939d9c201c28ca8da8b6edd?share-token=cd6bdc72a180229529b5&content-shared=project,,Recorded,,,,Heather Malin Podcast / YouTube / Blog (../../OpenEd%20Market/4dc9011b086c410392982e6bbf2940ef/OpenEd%20Content%20Engine/Master%20Content%20Database/Heather%20Malin%20Podcast%20YouTube%20Blog%202c6afe52ef598005a6a7e718838a4683.md)
Joshua Fields Millburn,,,,Not started,,,"January 16, 2026",,Not started,,,Scheduled,,,,
Bria Bloom,,,,Not started,,,"January 22, 2026",,Not started,,,Scheduled,,,,