Status,Name,Post Date,Source URL,Download,Content Formats
Posted,Montessori Curriculum for Homeschooling | OpenEd,,https://opened.co/blog/montessori-curriculum-for-homeschooling,,Open Education Hub (Open%20Education%20Hub%20f3e829fbb1e643e3a3e7116c767722cb.md)
Posted,Classical Education: Understanding the Model and Approach [ARTICLE],,https://opened.co/blog/classical-education,,Open Education Hub (Open%20Education%20Hub%20f3e829fbb1e643e3a3e7116c767722cb.md)
Posted,"Small Schools, Big Difference: A Primer on Microschools | OpenEd",,https://opened.co/blog/small-schools-big-difference-a-primer-on-microschools,,Open Education Hub (Open%20Education%20Hub%20f3e829fbb1e643e3a3e7116c767722cb.md)
,"Small Schools, Big Difference: A Hybrid Homeschool Parent's Microschool Primer",,,,Open Education Hub (Open%20Education%20Hub%20f3e829fbb1e643e3a3e7116c767722cb.md)
Posted,What is Open Education,,https://opened.co/open-education,,Open Education Hub (Open%20Education%20Hub%20f3e829fbb1e643e3a3e7116c767722cb.md)
Posted,Montessori Education and Open Education | OpenEd,,https://opened.co/open-education/montessori,,Open Education Hub (Open%20Education%20Hub%20f3e829fbb1e643e3a3e7116c767722cb.md)
Posted,Virtual School: K-12 Solutions for Students | OpenEd,,https://opened.co/open-education/virtual-school,,Open Education Hub (Open%20Education%20Hub%20f3e829fbb1e643e3a3e7116c767722cb.md)
Posted,FULL LIST,,,,Open Education Hub (Open%20Education%20Hub%20f3e829fbb1e643e3a3e7116c767722cb.md)
Posted,Unschooling and Deschooling,12/16/2025,,,Open Education Hub (Open%20Education%20Hub%20f3e829fbb1e643e3a3e7116c767722cb.md)
Posted,Virtual School: K-12 Solutions for Students,10/01/2025,,,"Deep Dives (Deep%20Dives%202a3afe52ef59800b8af2e1347eda8f30.md), Open Education Hub (Open%20Education%20Hub%20f3e829fbb1e643e3a3e7116c767722cb.md)"
Staging,AI / Adaptive Learning Apps,01/08/2026,,,Open Education Hub (Open%20Education%20Hub%20f3e829fbb1e643e3a3e7116c767722cb.md)
Staging,Charlotte Mason,,,,"Deep Dives (Deep%20Dives%202a3afe52ef59800b8af2e1347eda8f30.md), Open Education Hub (Open%20Education%20Hub%20f3e829fbb1e643e3a3e7116c767722cb.md)"
Staging,8th grade math curricula,,,,Open Education Hub (Open%20Education%20Hub%20f3e829fbb1e643e3a3e7116c767722cb.md)
Staging,[DRAFT] Homeschool Programs in Oregon - For Fred Review,,,,Open Education Hub (Open%20Education%20Hub%20f3e829fbb1e643e3a3e7116c767722cb.md)
Staging,[DRAFT] IXL vs Exact Path - For Fred Review,,,,Open Education Hub (Open%20Education%20Hub%20f3e829fbb1e643e3a3e7116c767722cb.md)